month,hs_code,hs_desc,country,import_value,country_share,country_share_pct
2025-12-01,853400,PRINTED CIRCUITS,CHINA,79322662,0.3469111652292444,34.69111652292444
2025-12-01,853400,PRINTED CIRCUITS,TAIWAN,47392202,0.2072659137258874,20.72659137258874
2025-12-01,853400,PRINTED CIRCUITS,"KOREA, SOUTH",20155913,0.08815023460873357,8.815023460873357
2025-12-01,853400,PRINTED CIRCUITS,THAILAND,14024296,0.06133410987745005,6.1334109877450045
2025-12-01,853400,PRINTED CIRCUITS,JAPAN,11812317,0.051660200896021524,5.166020089602153
2025-12-01,853400,PRINTED CIRCUITS,CANADA,11650519,0.05095259059530114,5.095259059530114
2025-12-01,853400,PRINTED CIRCUITS,VIETNAM,8999139,0.03935699733009385,3.9356997330093852
2025-12-01,853400,PRINTED CIRCUITS,MALAYSIA,4902367,0.021440100539633872,2.1440100539633873
2025-12-01,853400,PRINTED CIRCUITS,MEXICO,4384641,0.019175868283668032,1.9175868283668032
2025-12-01,853400,PRINTED CIRCUITS,SWITZERLAND,3847316,0.01682592140648426,1.682592140648426
2025-12-01,853400,PRINTED CIRCUITS,ISRAEL,3826012,0.016732750107416615,1.6732750107416614
2025-12-01,853400,PRINTED CIRCUITS,UNITED KINGDOM,3640368,0.015920851278834466,1.5920851278834465
2025-12-01,853400,PRINTED CIRCUITS,SINGAPORE,2870158,0.012552400928905257,1.2552400928905256
2025-12-01,853400,PRINTED CIRCUITS,INDIA,2772444,0.012125056753299925,1.2125056753299925
2025-12-01,853400,PRINTED CIRCUITS,TUNISIA,1335582,0.005841058484386274,0.5841058484386273
2025-12-01,853400,PRINTED CIRCUITS,GERMANY,1212998,0.005304947400791252,0.5304947400791251
2025-12-01,853400,PRINTED CIRCUITS,PHILIPPINES,878739,0.0038430930422176327,0.3843093042217633
2025-12-01,853400,PRINTED CIRCUITS,AUSTRIA,858321,0.003753796591580982,0.3753796591580982
2025-12-01,853400,PRINTED CIRCUITS,ITALY,809427,0.0035399626873088503,0.353996268730885
2025-12-01,853400,PRINTED CIRCUITS,HONG KONG,535215,0.002340718965006117,0.2340718965006117
2025-12-01,853400,PRINTED CIRCUITS,ROMANIA,409154,0.0017894015066993877,0.17894015066993876
2025-12-01,853400,PRINTED CIRCUITS,SWEDEN,406368,0.00177721716389041,0.177721716389041
2025-12-01,853400,PRINTED CIRCUITS,IRELAND,404261,0.0017680023719670373,0.17680023719670374
2025-12-01,853400,PRINTED CIRCUITS,CZECH REPUBLIC,387685,0.001695508593646285,0.1695508593646285
2025-12-01,853400,PRINTED CIRCUITS,INDONESIA,287106,0.001255634575202575,0.1255634575202575
2025-12-01,853400,PRINTED CIRCUITS,FRANCE,256695,0.001122634557555833,0.1122634557555833
2025-12-01,853400,PRINTED CIRCUITS,AUSTRALIA,149248,0.000652723903644765,0.0652723903644765
2025-12-01,853400,PRINTED CIRCUITS,DENMARK,136608,0.0005974438989407166,0.05974438989407166
2025-12-01,853400,PRINTED CIRCUITS,BELGIUM,131472,0.0005749820236116033,0.05749820236116033
2025-12-01,853400,PRINTED CIRCUITS,SLOVAKIA,122499,0.0005357393430570599,0.05357393430570599
2025-12-01,853400,PRINTED CIRCUITS,NORWAY,114225,0.0004995536817499952,0.04995536817499952
2025-12-01,853400,PRINTED CIRCUITS,POLAND,110082,0.00048143461058790086,0.04814346105879009
2025-12-01,853400,PRINTED CIRCUITS,HUNGARY,86490,0.00037825693092192683,0.037825693092192685
2025-12-01,853400,PRINTED CIRCUITS,SPAIN,83002,0.0003630024486111894,0.03630024486111894
2025-12-01,853400,PRINTED CIRCUITS,NETHERLANDS,55855,0.0002442772676222017,0.02442772676222017
2025-12-01,853400,PRINTED CIRCUITS,TURKEY,38764,0.00016953117898320697,0.016953117898320696
2025-12-01,853400,PRINTED CIRCUITS,FINLAND,29309,0.00012818051090751246,0.012818051090751246
2025-12-01,853400,PRINTED CIRCUITS,DOMINICAN REPUBLIC,24946,0.00010909928776480964,0.010909928776480964
2025-12-01,853400,PRINTED CIRCUITS,SLOVENIA,23700,0.00010365000882009094,0.010365000882009093
2025-12-01,853400,PRINTED CIRCUITS,BULGARIA,17292,7.562514567582331e-05,0.007562514567582331
2025-12-01,853400,PRINTED CIRCUITS,JAMAICA,16834,7.362212018892029e-05,0.007362212018892029
2025-12-01,853400,PRINTED CIRCUITS,RUSSIA,13670,5.978462534053347e-05,0.005978462534053347
2025-12-01,853400,PRINTED CIRCUITS,SRI LANKA,13496,5.9023650592234065e-05,0.005902365059223406
2025-12-01,853400,PRINTED CIRCUITS,SERBIA,13256,5.797403024975213e-05,0.005797403024975213
2025-12-01,853400,PRINTED CIRCUITS,URUGUAY,13076,5.7186814992890684e-05,0.005718681499289068
2025-12-01,853400,PRINTED CIRCUITS,ESTONIA,10916,4.774023191055328e-05,0.004774023191055328
2025-12-01,853400,PRINTED CIRCUITS,COSTA RICA,9884,4.3226864437880966e-05,0.004322686443788097
2025-12-01,853400,PRINTED CIRCUITS,NEW ZEALAND,9033,3.950508564016377e-05,0.003950508564016377
2025-12-01,853400,PRINTED CIRCUITS,CAMBODIA,7475,3.269130025021856e-05,0.0032691300250218555
2025-12-01,853400,PRINTED CIRCUITS,UKRAINE,7280,3.183848372195198e-05,0.0031838483721951982
2025-12-01,853400,PRINTED CIRCUITS,LITHUANIA,6705,2.9323768318089018e-05,0.0029323768318089017
2025-12-01,853400,PRINTED CIRCUITS,MACAU,5548,2.4263723583707364e-05,0.0024263723583707363
2025-12-01,853400,PRINTED CIRCUITS,MACEDONIA,4541,1.985969156337692e-05,0.0019859691563376917
2025-12-01,853400,PRINTED CIRCUITS,KAZAKHSTAN,4041,1.7672982516539555e-05,0.0017672982516539555
2025-12-01,853400,PRINTED CIRCUITS,CROATIA,3859,1.6877020423490757e-05,0.0016877020423490758
2025-12-01,853400,PRINTED CIRCUITS,UNITED ARAB EMIRATES,3850,1.6837659660647685e-05,0.0016837659660647686
2025-12-01,853400,PRINTED CIRCUITS,GREECE,2909,1.272227323449977e-05,0.001272227323449977
2025-12-01,853400,PRINTED CIRCUITS,SOUTH AFRICA,2335,1.0211931248730479e-05,0.001021193124873048
2025-12-01,853400,PRINTED CIRCUITS,OMAN,0,0.0,0.0
2025-12-01,853400,PRINTED CIRCUITS,MONGOLIA,0,0.0,0.0
2025-12-01,853400,PRINTED CIRCUITS,COLOMBIA,0,0.0,0.0
2025-12-01,853400,PRINTED CIRCUITS,CHILE,0,0.0,0.0
2025-12-01,853400,PRINTED CIRCUITS,BRAZIL,0,0.0,0.0
2025-12-01,853400,PRINTED CIRCUITS,ARGENTINA,0,0.0,0.0
2025-12-01,853400,PRINTED CIRCUITS,ICELAND,0,0.0,0.0
2025-12-01,853400,PRINTED CIRCUITS,MOROCCO,0,0.0,0.0
2025-12-01,853400,PRINTED CIRCUITS,EGYPT,0,0.0,0.0
2025-12-01,853400,PRINTED CIRCUITS,CAMEROON,0,0.0,0.0
2025-12-01,853400,PRINTED CIRCUITS,KENYA,0,0.0,0.0
2025-12-01,853400,PRINTED CIRCUITS,LATVIA,0,0.0,0.0
2025-12-01,853400,PRINTED CIRCUITS,PORTUGAL,0,0.0,0.0
2025-12-01,853400,PRINTED CIRCUITS,MALTA,0,0.0,0.0
2025-12-01,853400,PRINTED CIRCUITS,ALBANIA,0,0.0,0.0
2025-12-01,853400,PRINTED CIRCUITS,JORDAN,0,0.0,0.0
2025-12-01,853400,PRINTED CIRCUITS,SAUDI ARABIA,0,0.0,0.0
2025-12-01,853400,PRINTED CIRCUITS,NICARAGUA,0,0.0,0.0
2025-12-01,854231,"PROCESSORS AND CONTROLLERS, ELECTRONIC INTEG CIRCT",TAIWAN,1499230422,0.39044877634740105,39.044877634740104
2025-12-01,854231,"PROCESSORS AND CONTROLLERS, ELECTRONIC INTEG CIRCT",MALAYSIA,920290920,0.2396739409264895,23.96739409264895
2025-12-01,854231,"PROCESSORS AND CONTROLLERS, ELECTRONIC INTEG CIRCT",ISRAEL,518337687,0.1349921350674754,13.49921350674754
2025-12-01,854231,"PROCESSORS AND CONTROLLERS, ELECTRONIC INTEG CIRCT",COSTA RICA,304802587,0.0793805911188162,7.9380591118816195
2025-12-01,854231,"PROCESSORS AND CONTROLLERS, ELECTRONIC INTEG CIRCT",IRELAND,176537681,0.045976202533100564,4.5976202533100565
2025-12-01,854231,"PROCESSORS AND CONTROLLERS, ELECTRONIC INTEG CIRCT",VIETNAM,118795276,0.030938186331741724,3.0938186331741724
2025-12-01,854231,"PROCESSORS AND CONTROLLERS, ELECTRONIC INTEG CIRCT","KOREA, SOUTH",110267991,0.028717401624495736,2.8717401624495738
2025-12-01,854231,"PROCESSORS AND CONTROLLERS, ELECTRONIC INTEG CIRCT",CHINA,31134724,0.00810850334233283,0.810850334233283
2025-12-01,854231,"PROCESSORS AND CONTROLLERS, ELECTRONIC INTEG CIRCT",SINGAPORE,30124463,0.007845398241573674,0.7845398241573674
2025-12-01,854231,"PROCESSORS AND CONTROLLERS, ELECTRONIC INTEG CIRCT",JAPAN,28665876,0.0074655343454112025,0.7465534345411202
2025-12-01,854231,"PROCESSORS AND CONTROLLERS, ELECTRONIC INTEG CIRCT",GERMANY,25801043,0.006719437866260612,0.6719437866260611
2025-12-01,854231,"PROCESSORS AND CONTROLLERS, ELECTRONIC INTEG CIRCT",THAILAND,19395904,0.005051329583379853,0.5051329583379853
2025-12-01,854231,"PROCESSORS AND CONTROLLERS, ELECTRONIC INTEG CIRCT",PHILIPPINES,9870432,0.0025705842409995,0.25705842409995
2025-12-01,854231,"PROCESSORS AND CONTROLLERS, ELECTRONIC INTEG CIRCT",FRANCE,9665021,0.0025170884791596996,0.25170884791597
2025-12-01,854231,"PROCESSORS AND CONTROLLERS, ELECTRONIC INTEG CIRCT",MEXICO,8195705,0.002134430399488169,0.21344303994881691
2025-12-01,854231,"PROCESSORS AND CONTROLLERS, ELECTRONIC INTEG CIRCT",CANADA,7518693,0.001958114268829698,0.1958114268829698
2025-12-01,854231,"PROCESSORS AND CONTROLLERS, ELECTRONIC INTEG CIRCT",AUSTRIA,4981062,0.0012972319226393994,0.12972319226393994
2025-12-01,854231,"PROCESSORS AND CONTROLLERS, ELECTRONIC INTEG CIRCT",ITALY,4661009,0.0012138796237648806,0.12138796237648806
2025-12-01,854231,"PROCESSORS AND CONTROLLERS, ELECTRONIC INTEG CIRCT",SWITZERLAND,1960361,0.0005105423038495196,0.05105423038495196
2025-12-01,854231,"PROCESSORS AND CONTROLLERS, ELECTRONIC INTEG CIRCT",MALTA,1808853,0.00047108465121735996,0.047108465121736
2025-12-01,854231,"PROCESSORS AND CONTROLLERS, ELECTRONIC INTEG CIRCT",HONG KONG,1755434,0.0004571725914848222,0.04571725914848222
2025-12-01,854231,"PROCESSORS AND CONTROLLERS, ELECTRONIC INTEG CIRCT",SWEDEN,891749,0.00023224068878921036,0.023224068878921037
2025-12-01,854231,"PROCESSORS AND CONTROLLERS, ELECTRONIC INTEG CIRCT",NETHERLANDS,870148,0.00022661507988072183,0.022661507988072184
2025-12-01,854231,"PROCESSORS AND CONTROLLERS, ELECTRONIC INTEG CIRCT",LITHUANIA,618280,0.0001610203914605937,0.01610203914605937
2025-12-01,854231,"PROCESSORS AND CONTROLLERS, ELECTRONIC INTEG CIRCT",UNITED KINGDOM,560244,0.00014590591349137748,0.014590591349137748
2025-12-01,854231,"PROCESSORS AND CONTROLLERS, ELECTRONIC INTEG CIRCT",SPAIN,445788,0.00011609781695742244,0.011609781695742245
2025-12-01,854231,"PROCESSORS AND CONTROLLERS, ELECTRONIC INTEG CIRCT",BELGIUM,392406,0.00010219539323847728,0.010219539323847728
2025-12-01,854231,"PROCESSORS AND CONTROLLERS, ELECTRONIC INTEG CIRCT",DENMARK,293820,7.652036523735468e-05,0.007652036523735467
2025-12-01,854231,"PROCESSORS AND CONTROLLERS, ELECTRONIC INTEG CIRCT",INDONESIA,271260,7.064500127385756e-05,0.007064500127385756
2025-12-01,854231,"PROCESSORS AND CONTROLLERS, ELECTRONIC INTEG CIRCT",CZECH REPUBLIC,259552,6.759585405379443e-05,0.006759585405379444
2025-12-01,854231,"PROCESSORS AND CONTROLLERS, ELECTRONIC INTEG CIRCT",INDIA,200734,5.2277717635134275e-05,0.005227771763513428
2025-12-01,854231,"PROCESSORS AND CONTROLLERS, ELECTRONIC INTEG CIRCT",PORTUGAL,148100,3.8570097650439816e-05,0.0038570097650439815
2025-12-01,854231,"PROCESSORS AND CONTROLLERS, ELECTRONIC INTEG CIRCT",NEW ZEALAND,138045,3.595144584844675e-05,0.003595144584844675
2025-12-01,854231,"PROCESSORS AND CONTROLLERS, ELECTRONIC INTEG CIRCT",GUATEMALA,132312,3.445838460719104e-05,0.003445838460719104
2025-12-01,854231,"PROCESSORS AND CONTROLLERS, ELECTRONIC INTEG CIRCT",POLAND,124168,3.233741988561655e-05,0.003233741988561655
2025-12-01,854231,"PROCESSORS AND CONTROLLERS, ELECTRONIC INTEG CIRCT",UNITED ARAB EMIRATES,110288,2.8722612624386943e-05,0.002872261262438694
2025-12-01,854231,"PROCESSORS AND CONTROLLERS, ELECTRONIC INTEG CIRCT",NAMIBIA,70440,1.834488641794045e-05,0.0018344886417940448
2025-12-01,854231,"PROCESSORS AND CONTROLLERS, ELECTRONIC INTEG CIRCT",RWANDA,68075,1.7728962846412494e-05,0.0017728962846412493
2025-12-01,854231,"PROCESSORS AND CONTROLLERS, ELECTRONIC INTEG CIRCT",ROMANIA,60965,1.5877285639831623e-05,0.0015877285639831623
2025-12-01,854231,"PROCESSORS AND CONTROLLERS, ELECTRONIC INTEG CIRCT",EL SALVADOR,52528,1.3680014107915615e-05,0.0013680014107915616
2025-12-01,854231,"PROCESSORS AND CONTROLLERS, ELECTRONIC INTEG CIRCT",AUSTRALIA,52088,1.3565423676003438e-05,0.0013565423676003437
2025-12-01,854231,"PROCESSORS AND CONTROLLERS, ELECTRONIC INTEG CIRCT",MOROCCO,43741,1.1391591096069467e-05,0.0011391591096069466
2025-12-01,854231,"PROCESSORS AND CONTROLLERS, ELECTRONIC INTEG CIRCT",BRAZIL,26051,6.7845348676003214e-06,0.0006784534867600321
2025-12-01,854231,"PROCESSORS AND CONTROLLERS, ELECTRONIC INTEG CIRCT",LATVIA,20205,5.262044719967161e-06,0.0005262044719967161
2025-12-01,854231,"PROCESSORS AND CONTROLLERS, ELECTRONIC INTEG CIRCT",BULGARIA,19148,4.986767250578134e-06,0.0004986767250578134
2025-12-01,854231,"PROCESSORS AND CONTROLLERS, ELECTRONIC INTEG CIRCT",SLOVAKIA,18239,4.750033835559566e-06,0.00047500338355595663
2025-12-01,854231,"PROCESSORS AND CONTROLLERS, ELECTRONIC INTEG CIRCT",SOUTH AFRICA,14244,3.709604800356953e-06,0.00037096048003569526
2025-12-01,854231,"PROCESSORS AND CONTROLLERS, ELECTRONIC INTEG CIRCT",HUNGARY,11990,3.1225892696068427e-06,0.00031225892696068425
2025-12-01,854231,"PROCESSORS AND CONTROLLERS, ELECTRONIC INTEG CIRCT",ESTONIA,11541,3.0056549424964614e-06,0.0003005654942496461
2025-12-01,854231,"PROCESSORS AND CONTROLLERS, ELECTRONIC INTEG CIRCT",SRI LANKA,9576,2.4939044908886675e-06,0.00024939044908886673
2025-12-01,854231,"PROCESSORS AND CONTROLLERS, ELECTRONIC INTEG CIRCT",CROATIA,6252,1.628225864352125e-06,0.0001628225864352125
2025-12-01,854231,"PROCESSORS AND CONTROLLERS, ELECTRONIC INTEG CIRCT",FINLAND,5542,1.4433185764938383e-06,0.00014433185764938381
2025-12-01,854231,"PROCESSORS AND CONTROLLERS, ELECTRONIC INTEG CIRCT",SERBIA,5207,1.3560735885607031e-06,0.0001356073588560703
2025-12-01,854231,"PROCESSORS AND CONTROLLERS, ELECTRONIC INTEG CIRCT",ALBANIA,2805,7.305140034401329e-07,7.30514003440133e-05
2025-12-01,854231,"PROCESSORS AND CONTROLLERS, ELECTRONIC INTEG CIRCT",ICELAND,2765,7.200966914481167e-07,7.200966914481167e-05
2025-12-01,854231,"PROCESSORS AND CONTROLLERS, ELECTRONIC INTEG CIRCT",COLOMBIA,2682,6.984807690646832e-07,6.984807690646832e-05
2025-12-01,854231,"PROCESSORS AND CONTROLLERS, ELECTRONIC INTEG CIRCT",CAMBODIA,0,0.0,0.0
2025-12-01,854231,"PROCESSORS AND CONTROLLERS, ELECTRONIC INTEG CIRCT",MACAU,0,0.0,0.0
2025-12-01,854231,"PROCESSORS AND CONTROLLERS, ELECTRONIC INTEG CIRCT",ST LUCIA,0,0.0,0.0
2025-12-01,854231,"PROCESSORS AND CONTROLLERS, ELECTRONIC INTEG CIRCT",ST VINCENT AND THE GRENADINES,0,0.0,0.0
2025-12-01,854231,"PROCESSORS AND CONTROLLERS, ELECTRONIC INTEG CIRCT",TRINIDAD AND TOBAGO,0,0.0,0.0
2025-12-01,854231,"PROCESSORS AND CONTROLLERS, ELECTRONIC INTEG CIRCT",ECUADOR,0,0.0,0.0
2025-12-01,854231,"PROCESSORS AND CONTROLLERS, ELECTRONIC INTEG CIRCT",ARGENTINA,0,0.0,0.0
2025-12-01,854231,"PROCESSORS AND CONTROLLERS, ELECTRONIC INTEG CIRCT",NORWAY,0,0.0,0.0
2025-12-01,854231,"PROCESSORS AND CONTROLLERS, ELECTRONIC INTEG CIRCT",ANDORRA,0,0.0,0.0
2025-12-01,854231,"PROCESSORS AND CONTROLLERS, ELECTRONIC INTEG CIRCT",TONGA,0,0.0,0.0
2025-12-01,854231,"PROCESSORS AND CONTROLLERS, ELECTRONIC INTEG CIRCT",TUNISIA,0,0.0,0.0
2025-12-01,854231,"PROCESSORS AND CONTROLLERS, ELECTRONIC INTEG CIRCT",MALI,0,0.0,0.0
2025-12-01,854231,"PROCESSORS AND CONTROLLERS, ELECTRONIC INTEG CIRCT",SIERRA LEONE,0,0.0,0.0
2025-12-01,854231,"PROCESSORS AND CONTROLLERS, ELECTRONIC INTEG CIRCT",TOGO,0,0.0,0.0
2025-12-01,854231,"PROCESSORS AND CONTROLLERS, ELECTRONIC INTEG CIRCT",CABO VERDE,0,0.0,0.0
2025-12-01,854231,"PROCESSORS AND CONTROLLERS, ELECTRONIC INTEG CIRCT",LIECHTENSTEIN,0,0.0,0.0
2025-12-01,854231,"PROCESSORS AND CONTROLLERS, ELECTRONIC INTEG CIRCT",BELARUS,0,0.0,0.0
2025-12-01,854231,"PROCESSORS AND CONTROLLERS, ELECTRONIC INTEG CIRCT",UKRAINE,0,0.0,0.0
2025-12-01,854231,"PROCESSORS AND CONTROLLERS, ELECTRONIC INTEG CIRCT",KAZAKHSTAN,0,0.0,0.0
2025-12-01,854231,"PROCESSORS AND CONTROLLERS, ELECTRONIC INTEG CIRCT",SLOVENIA,0,0.0,0.0
2025-12-01,854231,"PROCESSORS AND CONTROLLERS, ELECTRONIC INTEG CIRCT",BOSNIA AND HERZEGOVINA,0,0.0,0.0
2025-12-01,854231,"PROCESSORS AND CONTROLLERS, ELECTRONIC INTEG CIRCT",GREECE,0,0.0,0.0
2025-12-01,854231,"PROCESSORS AND CONTROLLERS, ELECTRONIC INTEG CIRCT",TURKEY,0,0.0,0.0
2025-12-01,854231,"PROCESSORS AND CONTROLLERS, ELECTRONIC INTEG CIRCT",CYPRUS,0,0.0,0.0
2025-12-01,854231,"PROCESSORS AND CONTROLLERS, ELECTRONIC INTEG CIRCT",JORDAN,0,0.0,0.0
2025-12-01,854231,"PROCESSORS AND CONTROLLERS, ELECTRONIC INTEG CIRCT",SAUDI ARABIA,0,0.0,0.0
2025-12-01,854231,"PROCESSORS AND CONTROLLERS, ELECTRONIC INTEG CIRCT",HONDURAS,0,0.0,0.0
2025-12-01,854231,"PROCESSORS AND CONTROLLERS, ELECTRONIC INTEG CIRCT",MAURITIUS,0,0.0,0.0
2025-12-01,854232,"MEMORIES, ELECTRONIC INTEGRATED CIRCUITS",TAIWAN,126060697,0.40660111354998396,40.6601113549984
2025-12-01,854232,"MEMORIES, ELECTRONIC INTEGRATED CIRCUITS","KOREA, SOUTH",81339723,0.26235633099543504,26.235633099543502
2025-12-01,854232,"MEMORIES, ELECTRONIC INTEGRATED CIRCUITS",JAPAN,51819929,0.1671420302830874,16.71420302830874
2025-12-01,854232,"MEMORIES, ELECTRONIC INTEGRATED CIRCUITS",CHINA,13665107,0.04407597177556206,4.407597177556206
2025-12-01,854232,"MEMORIES, ELECTRONIC INTEGRATED CIRCUITS",VIETNAM,11989254,0.0386706098176944,3.86706098176944
2025-12-01,854232,"MEMORIES, ELECTRONIC INTEGRATED CIRCUITS",MALAYSIA,9092559,0.029327496217309734,2.9327496217309736
2025-12-01,854232,"MEMORIES, ELECTRONIC INTEGRATED CIRCUITS",FRANCE,4699595,0.015158257932160543,1.5158257932160544
2025-12-01,854232,"MEMORIES, ELECTRONIC INTEGRATED CIRCUITS",SINGAPORE,4449699,0.01435223357810127,1.435223357810127
2025-12-01,854232,"MEMORIES, ELECTRONIC INTEGRATED CIRCUITS",THAILAND,3470641,0.011194341526861698,1.1194341526861697
2025-12-01,854232,"MEMORIES, ELECTRONIC INTEGRATED CIRCUITS",PHILIPPINES,1803483,0.00581702476282886,0.581702476282886
2025-12-01,854232,"MEMORIES, ELECTRONIC INTEGRATED CIRCUITS",GERMANY,677647,0.002185709196846706,0.2185709196846706
2025-12-01,854232,"MEMORIES, ELECTRONIC INTEGRATED CIRCUITS",UNITED KINGDOM,374337,0.0012074012334150456,0.12074012334150457
2025-12-01,854232,"MEMORIES, ELECTRONIC INTEGRATED CIRCUITS",SPAIN,84006,0.00027095624534647744,0.027095624534647745
2025-12-01,854232,"MEMORIES, ELECTRONIC INTEGRATED CIRCUITS",AUSTRIA,74507,0.00024031779839570977,0.02403177983957098
2025-12-01,854232,"MEMORIES, ELECTRONIC INTEGRATED CIRCUITS",INDONESIA,70246,0.00022657420196901,0.022657420196901
2025-12-01,854232,"MEMORIES, ELECTRONIC INTEGRATED CIRCUITS",COSTA RICA,69098,0.00022287139776862246,0.022287139776862246
2025-12-01,854232,"MEMORIES, ELECTRONIC INTEGRATED CIRCUITS",CANADA,67964,0.00021921374971702013,0.021921374971702014
2025-12-01,854232,"MEMORIES, ELECTRONIC INTEGRATED CIRCUITS",MEXICO,56428,0.00018200508311800383,0.01820050831180038
2025-12-01,854232,"MEMORIES, ELECTRONIC INTEGRATED CIRCUITS",BRAZIL,51973,0.00016763575148670895,0.016763575148670894
2025-12-01,854232,"MEMORIES, ELECTRONIC INTEGRATED CIRCUITS",GREECE,34905,0.00011258395523913524,0.011258395523913525
2025-12-01,854232,"MEMORIES, ELECTRONIC INTEGRATED CIRCUITS",SWITZERLAND,26386,8.510643870333254e-05,0.008510643870333253
2025-12-01,854232,"MEMORIES, ELECTRONIC INTEGRATED CIRCUITS",NETHERLANDS,12643,4.077922779224715e-05,0.0040779227792247155
2025-12-01,854232,"MEMORIES, ELECTRONIC INTEGRATED CIRCUITS",ITALY,10130,3.267369908530125e-05,0.003267369908530125
2025-12-01,854232,"MEMORIES, ELECTRONIC INTEGRATED CIRCUITS",ISRAEL,8865,2.859351849863727e-05,0.002859351849863727
2025-12-01,854232,"MEMORIES, ELECTRONIC INTEGRATED CIRCUITS",HUNGARY,6044,1.9494554518416655e-05,0.0019494554518416655
2025-12-01,854232,"MEMORIES, ELECTRONIC INTEGRATED CIRCUITS",NEW ZEALAND,4472,1.4424164097676917e-05,0.0014424164097676918
2025-12-01,854232,"MEMORIES, ELECTRONIC INTEGRATED CIRCUITS",CZECH REPUBLIC,4220,1.3611353419543065e-05,0.0013611353419543065
2025-12-01,854232,"MEMORIES, ELECTRONIC INTEGRATED CIRCUITS",NORWAY,4061,1.3098508586910993e-05,0.0013098508586910993
2025-12-01,854232,"MEMORIES, ELECTRONIC INTEGRATED CIRCUITS",MALTA,2302,7.424961035968753e-06,0.0007424961035968753
2025-12-01,854232,"MEMORIES, ELECTRONIC INTEGRATED CIRCUITS",ROMANIA,2237,7.215307488037403e-06,0.0007215307488037402
2025-12-01,854232,"MEMORIES, ELECTRONIC INTEGRATED CIRCUITS",AUSTRALIA,2139,6.899214446540904e-06,0.0006899214446540905
2025-12-01,854232,"MEMORIES, ELECTRONIC INTEGRATED CIRCUITS",UNITED ARAB EMIRATES,0,0.0,0.0
2025-12-01,854232,"MEMORIES, ELECTRONIC INTEGRATED CIRCUITS",INDIA,0,0.0,0.0
2025-12-01,854232,"MEMORIES, ELECTRONIC INTEGRATED CIRCUITS",HONG KONG,0,0.0,0.0
2025-12-01,854232,"MEMORIES, ELECTRONIC INTEGRATED CIRCUITS",SWEDEN,0,0.0,0.0
2025-12-01,854232,"MEMORIES, ELECTRONIC INTEGRATED CIRCUITS",FINLAND,0,0.0,0.0
2025-12-01,854232,"MEMORIES, ELECTRONIC INTEGRATED CIRCUITS",DENMARK,0,0.0,0.0
2025-12-01,854232,"MEMORIES, ELECTRONIC INTEGRATED CIRCUITS",IRELAND,0,0.0,0.0
2025-12-01,854232,"MEMORIES, ELECTRONIC INTEGRATED CIRCUITS",BELGIUM,0,0.0,0.0
2025-12-01,854232,"MEMORIES, ELECTRONIC INTEGRATED CIRCUITS",MOROCCO,0,0.0,0.0
2025-12-01,854232,"MEMORIES, ELECTRONIC INTEGRATED CIRCUITS",MALI,0,0.0,0.0
2025-12-01,854232,"MEMORIES, ELECTRONIC INTEGRATED CIRCUITS",CHAD,0,0.0,0.0
2025-12-01,854232,"MEMORIES, ELECTRONIC INTEGRATED CIRCUITS",SLOVAKIA,0,0.0,0.0
2025-12-01,854232,"MEMORIES, ELECTRONIC INTEGRATED CIRCUITS",ESTONIA,0,0.0,0.0
2025-12-01,854232,"MEMORIES, ELECTRONIC INTEGRATED CIRCUITS",POLAND,0,0.0,0.0
2025-12-01,854232,"MEMORIES, ELECTRONIC INTEGRATED CIRCUITS",PORTUGAL,0,0.0,0.0
2025-12-01,854232,"MEMORIES, ELECTRONIC INTEGRATED CIRCUITS",SLOVENIA,0,0.0,0.0
2025-12-01,854232,"MEMORIES, ELECTRONIC INTEGRATED CIRCUITS",TURKEY,0,0.0,0.0
2025-12-01,854232,"MEMORIES, ELECTRONIC INTEGRATED CIRCUITS",SAUDI ARABIA,0,0.0,0.0
2025-12-01,854232,"MEMORIES, ELECTRONIC INTEGRATED CIRCUITS",PANAMA,0,0.0,0.0
2025-12-01,854232,"MEMORIES, ELECTRONIC INTEGRATED CIRCUITS",NAMIBIA,0,0.0,0.0
2025-12-01,854233,"AMPLIFIERS, ELECTRONIC INTEGRATED CIRCUITS",TAIWAN,16017642,0.2888342735834182,28.88342735834182
2025-12-01,854233,"AMPLIFIERS, ELECTRONIC INTEGRATED CIRCUITS",MALAYSIA,9086761,0.1638548303589963,16.385483035899632
2025-12-01,854233,"AMPLIFIERS, ELECTRONIC INTEGRATED CIRCUITS",PHILIPPINES,5727852,0.10328611237617429,10.328611237617428
2025-12-01,854233,"AMPLIFIERS, ELECTRONIC INTEGRATED CIRCUITS",GERMANY,4804740,0.08664031744854783,8.664031744854784
2025-12-01,854233,"AMPLIFIERS, ELECTRONIC INTEGRATED CIRCUITS",THAILAND,4791608,0.086403517819695,8.6403517819695
2025-12-01,854233,"AMPLIFIERS, ELECTRONIC INTEGRATED CIRCUITS",JAPAN,3056957,0.05512384122898647,5.512384122898647
2025-12-01,854233,"AMPLIFIERS, ELECTRONIC INTEGRATED CIRCUITS","KOREA, SOUTH",2570162,0.046345827573228644,4.634582757322865
2025-12-01,854233,"AMPLIFIERS, ELECTRONIC INTEGRATED CIRCUITS",CHINA,2272875,0.04098507130892996,4.098507130892997
2025-12-01,854233,"AMPLIFIERS, ELECTRONIC INTEGRATED CIRCUITS",SINGAPORE,1741699,0.03140676795410747,3.140676795410747
2025-12-01,854233,"AMPLIFIERS, ELECTRONIC INTEGRATED CIRCUITS",MEXICO,1603530,0.02891526872177681,2.891526872177681
2025-12-01,854233,"AMPLIFIERS, ELECTRONIC INTEGRATED CIRCUITS",BRAZIL,970785,0.01750544682423784,1.7505446824237838
2025-12-01,854233,"AMPLIFIERS, ELECTRONIC INTEGRATED CIRCUITS",CANADA,741028,0.013362409029055163,1.3362409029055162
2025-12-01,854233,"AMPLIFIERS, ELECTRONIC INTEGRATED CIRCUITS",UNITED KINGDOM,458389,0.008265789298676388,0.8265789298676388
2025-12-01,854233,"AMPLIFIERS, ELECTRONIC INTEGRATED CIRCUITS",FRANCE,384211,0.006928192369873086,0.6928192369873086
2025-12-01,854233,"AMPLIFIERS, ELECTRONIC INTEGRATED CIRCUITS",AUSTRIA,331789,0.005982905273945361,0.5982905273945361
2025-12-01,854233,"AMPLIFIERS, ELECTRONIC INTEGRATED CIRCUITS",ITALY,282019,0.005085439729625747,0.5085439729625747
2025-12-01,854233,"AMPLIFIERS, ELECTRONIC INTEGRATED CIRCUITS",SWITZERLAND,205490,0.0037054489592573364,0.37054489592573364
2025-12-01,854233,"AMPLIFIERS, ELECTRONIC INTEGRATED CIRCUITS",CZECH REPUBLIC,139596,0.0025172312663218994,0.25172312663218993
2025-12-01,854233,"AMPLIFIERS, ELECTRONIC INTEGRATED CIRCUITS",NETHERLANDS,90405,0.0016302064001248698,0.16302064001248698
2025-12-01,854233,"AMPLIFIERS, ELECTRONIC INTEGRATED CIRCUITS",IRELAND,25320,0.00045657680494620543,0.045657680494620545
2025-12-01,854233,"AMPLIFIERS, ELECTRONIC INTEGRATED CIRCUITS",HONG KONG,24712,0.0004456131913045272,0.04456131913045272
2025-12-01,854233,"AMPLIFIERS, ELECTRONIC INTEGRATED CIRCUITS",DENMARK,22255,0.00040130793025583737,0.040130793025583734
2025-12-01,854233,"AMPLIFIERS, ELECTRONIC INTEGRATED CIRCUITS",POLAND,15498,0.00027946395430712055,0.027946395430712055
2025-12-01,854233,"AMPLIFIERS, ELECTRONIC INTEGRATED CIRCUITS",INDIA,14323,0.0002582760496542062,0.02582760496542062
2025-12-01,854233,"AMPLIFIERS, ELECTRONIC INTEGRATED CIRCUITS",AUSTRALIA,12609,0.00022736875724986983,0.022736875724986984
2025-12-01,854233,"AMPLIFIERS, ELECTRONIC INTEGRATED CIRCUITS",LATVIA,10205,0.00018401920594297104,0.018401920594297103
2025-12-01,854233,"AMPLIFIERS, ELECTRONIC INTEGRATED CIRCUITS",MOROCCO,9786,0.00017646368930503817,0.01764636893050382
2025-12-01,854233,"AMPLIFIERS, ELECTRONIC INTEGRATED CIRCUITS",ISRAEL,8616,0.0001553659459485192,0.01553659459485192
2025-12-01,854233,"AMPLIFIERS, ELECTRONIC INTEGRATED CIRCUITS",SPAIN,6933,0.00012501765358183421,0.012501765358183422
2025-12-01,854233,"AMPLIFIERS, ELECTRONIC INTEGRATED CIRCUITS",SLOVENIA,6275,0.00011315242697620217,0.011315242697620218
2025-12-01,854233,"AMPLIFIERS, ELECTRONIC INTEGRATED CIRCUITS",PORTUGAL,5671,0.00010226094237164025,0.010226094237164024
2025-12-01,854233,"AMPLIFIERS, ELECTRONIC INTEGRATED CIRCUITS",HUNGARY,5000,9.016129639538022e-05,0.009016129639538023
2025-12-01,854233,"AMPLIFIERS, ELECTRONIC INTEGRATED CIRCUITS",SWEDEN,3476,6.268013325406833e-05,0.006268013325406833
2025-12-01,854233,"AMPLIFIERS, ELECTRONIC INTEGRATED CIRCUITS",FINLAND,3461,6.240964936488218e-05,0.0062409649364882185
2025-12-01,854233,"AMPLIFIERS, ELECTRONIC INTEGRATED CIRCUITS",GABON,2395,4.3187260973387125e-05,0.004318726097338713
2025-12-01,854233,"AMPLIFIERS, ELECTRONIC INTEGRATED CIRCUITS",COSTA RICA,2095,3.777758318966431e-05,0.0037777583189664314
2025-12-01,854233,"AMPLIFIERS, ELECTRONIC INTEGRATED CIRCUITS",VIETNAM,0,0.0,0.0
2025-12-01,854233,"AMPLIFIERS, ELECTRONIC INTEGRATED CIRCUITS",INDONESIA,0,0.0,0.0
2025-12-01,854233,"AMPLIFIERS, ELECTRONIC INTEGRATED CIRCUITS",NEW ZEALAND,0,0.0,0.0
2025-12-01,854233,"AMPLIFIERS, ELECTRONIC INTEGRATED CIRCUITS",TRINIDAD AND TOBAGO,0,0.0,0.0
2025-12-01,854233,"AMPLIFIERS, ELECTRONIC INTEGRATED CIRCUITS",NORWAY,0,0.0,0.0
2025-12-01,854233,"AMPLIFIERS, ELECTRONIC INTEGRATED CIRCUITS",BELGIUM,0,0.0,0.0
2025-12-01,854233,"AMPLIFIERS, ELECTRONIC INTEGRATED CIRCUITS",CAMEROON,0,0.0,0.0
2025-12-01,854233,"AMPLIFIERS, ELECTRONIC INTEGRATED CIRCUITS",RWANDA,0,0.0,0.0
2025-12-01,854233,"AMPLIFIERS, ELECTRONIC INTEGRATED CIRCUITS",MALTA,0,0.0,0.0
2025-12-01,854233,"AMPLIFIERS, ELECTRONIC INTEGRATED CIRCUITS",BULGARIA,0,0.0,0.0
2025-12-01,854233,"AMPLIFIERS, ELECTRONIC INTEGRATED CIRCUITS",TURKEY,0,0.0,0.0
2025-12-01,854233,"AMPLIFIERS, ELECTRONIC INTEGRATED CIRCUITS",SOUTH AFRICA,0,0.0,0.0
2025-12-01,854239,"ELECTRONIC INTEGRATED CIRCUITS, NESOI",TAIWAN,208443016,0.3345611112956471,33.45611112956471
2025-12-01,854239,"ELECTRONIC INTEGRATED CIRCUITS, NESOI",MALAYSIA,98489075,0.15807972372881196,15.807972372881196
2025-12-01,854239,"ELECTRONIC INTEGRATED CIRCUITS, NESOI","KOREA, SOUTH",56800903,0.09116819356651534,9.116819356651535
2025-12-01,854239,"ELECTRONIC INTEGRATED CIRCUITS, NESOI",THAILAND,46674093,0.07491417425468638,7.491417425468638
2025-12-01,854239,"ELECTRONIC INTEGRATED CIRCUITS, NESOI",PHILIPPINES,35256962,0.05658912739790908,5.658912739790908
2025-12-01,854239,"ELECTRONIC INTEGRATED CIRCUITS, NESOI",FRANCE,34975109,0.05613673971559876,5.613673971559876
2025-12-01,854239,"ELECTRONIC INTEGRATED CIRCUITS, NESOI",JAPAN,25635619,0.04114640704196971,4.114640704196971
2025-12-01,854239,"ELECTRONIC INTEGRATED CIRCUITS, NESOI",CHINA,25518261,0.04095804178199173,4.095804178199173
2025-12-01,854239,"ELECTRONIC INTEGRATED CIRCUITS, NESOI",GERMANY,23341379,0.037464040999161514,3.7464040999161514
2025-12-01,854239,"ELECTRONIC INTEGRATED CIRCUITS, NESOI",SINGAPORE,15497397,0.024874070918786875,2.4874070918786875
2025-12-01,854239,"ELECTRONIC INTEGRATED CIRCUITS, NESOI",MEXICO,13952128,0.022393839516403436,2.2393839516403435
2025-12-01,854239,"ELECTRONIC INTEGRATED CIRCUITS, NESOI",NETHERLANDS,6216841,0.009978330162466763,0.9978330162466763
2025-12-01,854239,"ELECTRONIC INTEGRATED CIRCUITS, NESOI",ITALY,6195277,0.009943718900634035,0.9943718900634035
2025-12-01,854239,"ELECTRONIC INTEGRATED CIRCUITS, NESOI",UNITED KINGDOM,3761769,0.006037820989298654,0.6037820989298653
2025-12-01,854239,"ELECTRONIC INTEGRATED CIRCUITS, NESOI",VIETNAM,3243321,0.0052056869012512726,0.5205686901251273
2025-12-01,854239,"ELECTRONIC INTEGRATED CIRCUITS, NESOI",AUSTRIA,3104499,0.004982870884271916,0.49828708842719155
2025-12-01,854239,"ELECTRONIC INTEGRATED CIRCUITS, NESOI",COSTA RICA,2761779,0.00443278872626263,0.443278872626263
2025-12-01,854239,"ELECTRONIC INTEGRATED CIRCUITS, NESOI",ISRAEL,2607840,0.004185709193927804,0.41857091939278035
2025-12-01,854239,"ELECTRONIC INTEGRATED CIRCUITS, NESOI",SWITZERLAND,1971161,0.003163808638724739,0.3163808638724739
2025-12-01,854239,"ELECTRONIC INTEGRATED CIRCUITS, NESOI",CZECH REPUBLIC,1328183,0.002131797884194817,0.2131797884194817
2025-12-01,854239,"ELECTRONIC INTEGRATED CIRCUITS, NESOI",CANADA,1092299,0.0017531926678086638,0.17531926678086637
2025-12-01,854239,"ELECTRONIC INTEGRATED CIRCUITS, NESOI",INDIA,1032215,0.0016567549449391786,0.16567549449391786
2025-12-01,854239,"ELECTRONIC INTEGRATED CIRCUITS, NESOI",IRELAND,741711,0.001190481989668609,0.11904819896686089
2025-12-01,854239,"ELECTRONIC INTEGRATED CIRCUITS, NESOI",HUNGARY,589783,0.0009466302094922702,0.09466302094922702
2025-12-01,854239,"ELECTRONIC INTEGRATED CIRCUITS, NESOI",BELGIUM,550412,0.0008834378523407074,0.08834378523407074
2025-12-01,854239,"ELECTRONIC INTEGRATED CIRCUITS, NESOI",NORWAY,494909,0.0007943528557954535,0.07943528557954535
2025-12-01,854239,"ELECTRONIC INTEGRATED CIRCUITS, NESOI",HONG KONG,388192,0.0006230669149216294,0.06230669149216294
2025-12-01,854239,"ELECTRONIC INTEGRATED CIRCUITS, NESOI",GREECE,359760,0.0005774321812716526,0.05774321812716526
2025-12-01,854239,"ELECTRONIC INTEGRATED CIRCUITS, NESOI",SWEDEN,229760,0.000368775900514162,0.0368775900514162
2025-12-01,854239,"ELECTRONIC INTEGRATED CIRCUITS, NESOI",AUSTRALIA,229200,0.0003678770734585913,0.03678770734585913
2025-12-01,854239,"ELECTRONIC INTEGRATED CIRCUITS, NESOI",PORTUGAL,220329,0.0003536386898693628,0.035363868986936275
2025-12-01,854239,"ELECTRONIC INTEGRATED CIRCUITS, NESOI",ROMANIA,185647,0.0002979724042598913,0.029797240425989132
2025-12-01,854239,"ELECTRONIC INTEGRATED CIRCUITS, NESOI",BRAZIL,175519,0.0002817164749405693,0.02817164749405693
2025-12-01,854239,"ELECTRONIC INTEGRATED CIRCUITS, NESOI",INDONESIA,167001,0.0002680446734060131,0.02680446734060131
2025-12-01,854239,"ELECTRONIC INTEGRATED CIRCUITS, NESOI",TURKEY,147420,0.00023661622237899444,0.023661622237899443
2025-12-01,854239,"ELECTRONIC INTEGRATED CIRCUITS, NESOI",CAMBODIA,119812,0.00019230404853935748,0.019230404853935748
2025-12-01,854239,"ELECTRONIC INTEGRATED CIRCUITS, NESOI",SRI LANKA,116352,0.0001867505813745812,0.01867505813745812
2025-12-01,854239,"ELECTRONIC INTEGRATED CIRCUITS, NESOI",MOROCCO,109548,0.00017582983264939685,0.017582983264939685
2025-12-01,854239,"ELECTRONIC INTEGRATED CIRCUITS, NESOI",DENMARK,93962,0.0001508135496348872,0.015081354963488721
2025-12-01,854239,"ELECTRONIC INTEGRATED CIRCUITS, NESOI",POLAND,58571,9.400928477113067e-05,0.009400928477113067
2025-12-01,854239,"ELECTRONIC INTEGRATED CIRCUITS, NESOI",NAMIBIA,40800,6.548597119158169e-05,0.006548597119158169
2025-12-01,854239,"ELECTRONIC INTEGRATED CIRCUITS, NESOI",MALTA,24048,3.8598201843508736e-05,0.0038598201843508735
2025-12-01,854239,"ELECTRONIC INTEGRATED CIRCUITS, NESOI",SLOVENIA,20740,3.3288702022387356e-05,0.0033288702022387356
2025-12-01,854239,"ELECTRONIC INTEGRATED CIRCUITS, NESOI",SPAIN,19789,3.1762301076230636e-05,0.0031762301076230636
2025-12-01,854239,"ELECTRONIC INTEGRATED CIRCUITS, NESOI",SLOVAKIA,13644,2.1899279189655405e-05,0.0021899279189655403
2025-12-01,854239,"ELECTRONIC INTEGRATED CIRCUITS, NESOI",BULGARIA,12692,2.0371273195185165e-05,0.0020371273195185164
2025-12-01,854239,"ELECTRONIC INTEGRATED CIRCUITS, NESOI",FINLAND,12126,1.9462815849733323e-05,0.0019462815849733322
2025-12-01,854239,"ELECTRONIC INTEGRATED CIRCUITS, NESOI",UKRAINE,8863,1.4225543202720306e-05,0.0014225543202720306
2025-12-01,854239,"ELECTRONIC INTEGRATED CIRCUITS, NESOI",ESTONIA,4489,7.205061879387505e-06,0.0007205061879387505
2025-12-01,854239,"ELECTRONIC INTEGRATED CIRCUITS, NESOI",UNITED ARAB EMIRATES,0,0.0,0.0
2025-12-01,854239,"ELECTRONIC INTEGRATED CIRCUITS, NESOI",AFGHANISTAN,0,0.0,0.0
2025-12-01,854239,"ELECTRONIC INTEGRATED CIRCUITS, NESOI",PAKISTAN,0,0.0,0.0
2025-12-01,854239,"ELECTRONIC INTEGRATED CIRCUITS, NESOI",BURMA,0,0.0,0.0
2025-12-01,854239,"ELECTRONIC INTEGRATED CIRCUITS, NESOI",MACAU,0,0.0,0.0
2025-12-01,854239,"ELECTRONIC INTEGRATED CIRCUITS, NESOI",NEW ZEALAND,0,0.0,0.0
2025-12-01,854239,"ELECTRONIC INTEGRATED CIRCUITS, NESOI",FRENCH POLYNESIA,0,0.0,0.0
2025-12-01,854239,"ELECTRONIC INTEGRATED CIRCUITS, NESOI",ST KITTS AND NEVIS,0,0.0,0.0
2025-12-01,854239,"ELECTRONIC INTEGRATED CIRCUITS, NESOI",COLOMBIA,0,0.0,0.0
2025-12-01,854239,"ELECTRONIC INTEGRATED CIRCUITS, NESOI",ICELAND,0,0.0,0.0
2025-12-01,854239,"ELECTRONIC INTEGRATED CIRCUITS, NESOI",ANDORRA,0,0.0,0.0
2025-12-01,854239,"ELECTRONIC INTEGRATED CIRCUITS, NESOI",NAURU,0,0.0,0.0
2025-12-01,854239,"ELECTRONIC INTEGRATED CIRCUITS, NESOI",TUNISIA,0,0.0,0.0
2025-12-01,854239,"ELECTRONIC INTEGRATED CIRCUITS, NESOI",MALI,0,0.0,0.0
2025-12-01,854239,"ELECTRONIC INTEGRATED CIRCUITS, NESOI",SIERRA LEONE,0,0.0,0.0
2025-12-01,854239,"ELECTRONIC INTEGRATED CIRCUITS, NESOI",ST HELENA,0,0.0,0.0
2025-12-01,854239,"ELECTRONIC INTEGRATED CIRCUITS, NESOI",LATVIA,0,0.0,0.0
2025-12-01,854239,"ELECTRONIC INTEGRATED CIRCUITS, NESOI",LITHUANIA,0,0.0,0.0
2025-12-01,854239,"ELECTRONIC INTEGRATED CIRCUITS, NESOI",AZERBAIJAN,0,0.0,0.0
2025-12-01,854239,"ELECTRONIC INTEGRATED CIRCUITS, NESOI",KYRGYZSTAN,0,0.0,0.0
2025-12-01,854239,"ELECTRONIC INTEGRATED CIRCUITS, NESOI",UZBEKISTAN,0,0.0,0.0
2025-12-01,854239,"ELECTRONIC INTEGRATED CIRCUITS, NESOI",CROATIA,0,0.0,0.0
2025-12-01,854239,"ELECTRONIC INTEGRATED CIRCUITS, NESOI",BOSNIA AND HERZEGOVINA,0,0.0,0.0
2025-12-01,854239,"ELECTRONIC INTEGRATED CIRCUITS, NESOI",SERBIA,0,0.0,0.0
2025-12-01,854239,"ELECTRONIC INTEGRATED CIRCUITS, NESOI",MONTENEGRO,0,0.0,0.0
2025-12-01,854239,"ELECTRONIC INTEGRATED CIRCUITS, NESOI",CYPRUS,0,0.0,0.0
2025-12-01,854239,"ELECTRONIC INTEGRATED CIRCUITS, NESOI",LEBANON,0,0.0,0.0
2025-12-01,854239,"ELECTRONIC INTEGRATED CIRCUITS, NESOI",TURKS AND CAICOS ISLANDS,0,0.0,0.0
2025-12-01,854239,"ELECTRONIC INTEGRATED CIRCUITS, NESOI",HAITI,0,0.0,0.0
2025-12-01,854239,"ELECTRONIC INTEGRATED CIRCUITS, NESOI",TANZANIA,0,0.0,0.0
2025-12-01,854239,"ELECTRONIC INTEGRATED CIRCUITS, NESOI",SOUTH AFRICA,0,0.0,0.0
2025-12-01,854239,"ELECTRONIC INTEGRATED CIRCUITS, NESOI",ESWATINI,0,0.0,0.0
2025-12-01,854239,"ELECTRONIC INTEGRATED CIRCUITS, NESOI",ZIMBABWE,0,0.0,0.0
2025-12-01,854239,"ELECTRONIC INTEGRATED CIRCUITS, NESOI",MALAWI,0,0.0,0.0
