month,hs_code,hs_desc,hhi,c3_share,supplier_count,risk_cluster,risk_cluster_label
2021-01-01,853400,PRINTED CIRCUITS,0.193681645895808,0.6897038486553249,49,1,elevated concentration
2021-01-01,854231,"PROCESSORS AND CONTROLLERS, ELECTRONIC INTEG CIRCT",0.4223776285398686,0.8038200082517386,50,3,highest concentration/dominant suppliers
2021-01-01,854232,"MEMORIES, ELECTRONIC INTEGRATED CIRCUITS",0.2495960946463421,0.7481879356314248,25,1,elevated concentration
2021-01-01,854233,"AMPLIFIERS, ELECTRONIC INTEGRATED CIRCUITS",0.1555875629781445,0.5935061393644524,32,2,lower concentration/moderate breadth
2021-01-01,854239,"ELECTRONIC INTEGRATED CIRCUITS, NESOI",0.1527652900121691,0.6055907573601697,50,2,lower concentration/moderate breadth
2021-02-01,853400,PRINTED CIRCUITS,0.1853563642676374,0.6667109064287333,57,2,lower concentration/moderate breadth
2021-02-01,854231,"PROCESSORS AND CONTROLLERS, ELECTRONIC INTEG CIRCT",0.3457412019070761,0.7721116344442812,62,3,highest concentration/dominant suppliers
2021-02-01,854232,"MEMORIES, ELECTRONIC INTEGRATED CIRCUITS",0.225860799512083,0.6971812469570036,28,1,elevated concentration
2021-02-01,854233,"AMPLIFIERS, ELECTRONIC INTEGRATED CIRCUITS",0.1586562978332108,0.58655729859962,34,2,lower concentration/moderate breadth
2021-02-01,854239,"ELECTRONIC INTEGRATED CIRCUITS, NESOI",0.1335402048002906,0.5379436276453298,59,2,lower concentration/moderate breadth
2021-03-01,853400,PRINTED CIRCUITS,0.1978253115913352,0.6836601560905039,63,0,lower concentration/broad supplier base
2021-03-01,854231,"PROCESSORS AND CONTROLLERS, ELECTRONIC INTEG CIRCT",0.486463514776535,0.8205858042901294,70,3,highest concentration/dominant suppliers
2021-03-01,854232,"MEMORIES, ELECTRONIC INTEGRATED CIRCUITS",0.2522379812804703,0.7195854845101675,34,1,elevated concentration
2021-03-01,854233,"AMPLIFIERS, ELECTRONIC INTEGRATED CIRCUITS",0.1676558362492379,0.6163863362844411,41,2,lower concentration/moderate breadth
2021-03-01,854239,"ELECTRONIC INTEGRATED CIRCUITS, NESOI",0.1531685144709458,0.5762791942997918,65,2,lower concentration/moderate breadth
2021-04-01,853400,PRINTED CIRCUITS,0.1972943283218949,0.7006000120520594,68,0,lower concentration/broad supplier base
2021-04-01,854231,"PROCESSORS AND CONTROLLERS, ELECTRONIC INTEG CIRCT",0.4317921783371422,0.7842961527164142,76,3,highest concentration/dominant suppliers
2021-04-01,854232,"MEMORIES, ELECTRONIC INTEGRATED CIRCUITS",0.3283294681036767,0.7477362980935113,38,1,elevated concentration
2021-04-01,854233,"AMPLIFIERS, ELECTRONIC INTEGRATED CIRCUITS",0.1786463943374271,0.577415052669296,41,2,lower concentration/moderate breadth
2021-04-01,854239,"ELECTRONIC INTEGRATED CIRCUITS, NESOI",0.1378728705640386,0.5368035610432649,69,2,lower concentration/moderate breadth
2021-05-01,853400,PRINTED CIRCUITS,0.2101751370542629,0.7078934815174963,72,0,lower concentration/broad supplier base
2021-05-01,854231,"PROCESSORS AND CONTROLLERS, ELECTRONIC INTEG CIRCT",0.4279094546950129,0.7697915751361071,80,3,highest concentration/dominant suppliers
2021-05-01,854232,"MEMORIES, ELECTRONIC INTEGRATED CIRCUITS",0.3112799614494798,0.8286132999737068,39,1,elevated concentration
2021-05-01,854233,"AMPLIFIERS, ELECTRONIC INTEGRATED CIRCUITS",0.1751256952544681,0.5829237704072118,47,2,lower concentration/moderate breadth
2021-05-01,854239,"ELECTRONIC INTEGRATED CIRCUITS, NESOI",0.1382310732268959,0.5575833105757341,76,0,lower concentration/broad supplier base
2021-06-01,853400,PRINTED CIRCUITS,0.1944475218180131,0.7241035061537904,78,0,lower concentration/broad supplier base
2021-06-01,854231,"PROCESSORS AND CONTROLLERS, ELECTRONIC INTEG CIRCT",0.4587773286985803,0.8095253162421517,83,3,highest concentration/dominant suppliers
2021-06-01,854232,"MEMORIES, ELECTRONIC INTEGRATED CIRCUITS",0.319066048816658,0.8082001056178096,42,1,elevated concentration
2021-06-01,854233,"AMPLIFIERS, ELECTRONIC INTEGRATED CIRCUITS",0.1596795516369183,0.6142049195080711,48,2,lower concentration/moderate breadth
2021-06-01,854239,"ELECTRONIC INTEGRATED CIRCUITS, NESOI",0.1466697210546983,0.5945920756471058,79,0,lower concentration/broad supplier base
2021-07-01,853400,PRINTED CIRCUITS,0.2030721241434384,0.7098602283912668,79,0,lower concentration/broad supplier base
2021-07-01,854231,"PROCESSORS AND CONTROLLERS, ELECTRONIC INTEG CIRCT",0.4112441859815079,0.7611623380540613,85,3,highest concentration/dominant suppliers
2021-07-01,854232,"MEMORIES, ELECTRONIC INTEGRATED CIRCUITS",0.3105002637634155,0.8071564824924562,45,1,elevated concentration
2021-07-01,854233,"AMPLIFIERS, ELECTRONIC INTEGRATED CIRCUITS",0.1394969434763628,0.5247397589913465,51,2,lower concentration/moderate breadth
2021-07-01,854239,"ELECTRONIC INTEGRATED CIRCUITS, NESOI",0.1412610568294893,0.5600711107965806,82,0,lower concentration/broad supplier base
2021-08-01,853400,PRINTED CIRCUITS,0.2117265790093107,0.7021475870272773,81,0,lower concentration/broad supplier base
2021-08-01,854231,"PROCESSORS AND CONTROLLERS, ELECTRONIC INTEG CIRCT",0.4628923117149933,0.7908880112941745,89,3,highest concentration/dominant suppliers
2021-08-01,854232,"MEMORIES, ELECTRONIC INTEGRATED CIRCUITS",0.3643266440996034,0.8333245159121501,50,3,highest concentration/dominant suppliers
2021-08-01,854233,"AMPLIFIERS, ELECTRONIC INTEGRATED CIRCUITS",0.1389920732317698,0.512721825897007,51,2,lower concentration/moderate breadth
2021-08-01,854239,"ELECTRONIC INTEGRATED CIRCUITS, NESOI",0.1520340578560327,0.5999780137750109,88,0,lower concentration/broad supplier base
2021-09-01,853400,PRINTED CIRCUITS,0.208305127210698,0.7063701198656948,83,0,lower concentration/broad supplier base
2021-09-01,854231,"PROCESSORS AND CONTROLLERS, ELECTRONIC INTEG CIRCT",0.3520597010903072,0.7811867483346533,93,3,highest concentration/dominant suppliers
2021-09-01,854232,"MEMORIES, ELECTRONIC INTEGRATED CIRCUITS",0.3964573768832595,0.8424588498734535,51,3,highest concentration/dominant suppliers
2021-09-01,854233,"AMPLIFIERS, ELECTRONIC INTEGRATED CIRCUITS",0.1502700254050378,0.5258936874214997,51,2,lower concentration/moderate breadth
2021-09-01,854239,"ELECTRONIC INTEGRATED CIRCUITS, NESOI",0.1346639308291044,0.5396065813858769,90,0,lower concentration/broad supplier base
2021-10-01,853400,PRINTED CIRCUITS,0.1877609938987986,0.6850607288398981,84,0,lower concentration/broad supplier base
2021-10-01,854231,"PROCESSORS AND CONTROLLERS, ELECTRONIC INTEG CIRCT",0.3011477327342889,0.7172131748183231,95,3,highest concentration/dominant suppliers
2021-10-01,854232,"MEMORIES, ELECTRONIC INTEGRATED CIRCUITS",0.3535370336906538,0.8357720121455724,52,3,highest concentration/dominant suppliers
2021-10-01,854233,"AMPLIFIERS, ELECTRONIC INTEGRATED CIRCUITS",0.1593096728060183,0.5762151681281363,51,2,lower concentration/moderate breadth
2021-10-01,854239,"ELECTRONIC INTEGRATED CIRCUITS, NESOI",0.1349850405294097,0.5469946751668238,93,0,lower concentration/broad supplier base
2021-11-01,853400,PRINTED CIRCUITS,0.1929538166839687,0.6657828058695224,86,0,lower concentration/broad supplier base
2021-11-01,854231,"PROCESSORS AND CONTROLLERS, ELECTRONIC INTEG CIRCT",0.2831128744727572,0.7258751848771182,95,0,lower concentration/broad supplier base
2021-11-01,854232,"MEMORIES, ELECTRONIC INTEGRATED CIRCUITS",0.3639122278756381,0.8708025324867595,56,3,highest concentration/dominant suppliers
2021-11-01,854233,"AMPLIFIERS, ELECTRONIC INTEGRATED CIRCUITS",0.1870737582180465,0.6157419074170023,53,2,lower concentration/moderate breadth
2021-11-01,854239,"ELECTRONIC INTEGRATED CIRCUITS, NESOI",0.1431928279220106,0.5552852202967787,96,0,lower concentration/broad supplier base
2021-12-01,853400,PRINTED CIRCUITS,0.201633400335491,0.6912191650776064,88,0,lower concentration/broad supplier base
2021-12-01,854231,"PROCESSORS AND CONTROLLERS, ELECTRONIC INTEG CIRCT",0.3482619836135132,0.744078523327294,100,3,highest concentration/dominant suppliers
2021-12-01,854232,"MEMORIES, ELECTRONIC INTEGRATED CIRCUITS",0.2649583590098828,0.7732571663343857,56,1,elevated concentration
2021-12-01,854233,"AMPLIFIERS, ELECTRONIC INTEGRATED CIRCUITS",0.1928976661962533,0.6080816449838384,54,2,lower concentration/moderate breadth
2021-12-01,854239,"ELECTRONIC INTEGRATED CIRCUITS, NESOI",0.1563086035354412,0.5770033040269206,98,0,lower concentration/broad supplier base
2022-01-01,853400,PRINTED CIRCUITS,0.2228067806981047,0.7022254369998772,48,1,elevated concentration
2022-01-01,854231,"PROCESSORS AND CONTROLLERS, ELECTRONIC INTEG CIRCT",0.3024421906050574,0.7199997939028565,52,1,elevated concentration
2022-01-01,854232,"MEMORIES, ELECTRONIC INTEGRATED CIRCUITS",0.2697499185151174,0.7738416199172397,37,1,elevated concentration
2022-01-01,854233,"AMPLIFIERS, ELECTRONIC INTEGRATED CIRCUITS",0.1765562447319326,0.6077267161417355,33,2,lower concentration/moderate breadth
2022-01-01,854239,"ELECTRONIC INTEGRATED CIRCUITS, NESOI",0.1539318273201891,0.6029589117645041,55,2,lower concentration/moderate breadth
2022-02-01,853400,PRINTED CIRCUITS,0.1894786728570551,0.6561655731685538,56,2,lower concentration/moderate breadth
2022-02-01,854231,"PROCESSORS AND CONTROLLERS, ELECTRONIC INTEG CIRCT",0.3000107991707179,0.7331990359653764,57,1,elevated concentration
2022-02-01,854232,"MEMORIES, ELECTRONIC INTEGRATED CIRCUITS",0.3054593043990544,0.7745005941724665,40,1,elevated concentration
2022-02-01,854233,"AMPLIFIERS, ELECTRONIC INTEGRATED CIRCUITS",0.1886101131606822,0.5936813179802267,38,2,lower concentration/moderate breadth
2022-02-01,854239,"ELECTRONIC INTEGRATED CIRCUITS, NESOI",0.1472431225553882,0.5726699773245797,67,2,lower concentration/moderate breadth
2022-03-01,853400,PRINTED CIRCUITS,0.1953904896624262,0.671222513297666,62,0,lower concentration/broad supplier base
2022-03-01,854231,"PROCESSORS AND CONTROLLERS, ELECTRONIC INTEG CIRCT",0.4254329299390439,0.7756094228578266,64,3,highest concentration/dominant suppliers
2022-03-01,854232,"MEMORIES, ELECTRONIC INTEGRATED CIRCUITS",0.2464671829961522,0.745641920292486,44,1,elevated concentration
2022-03-01,854233,"AMPLIFIERS, ELECTRONIC INTEGRATED CIRCUITS",0.1756949054591386,0.5644034245823494,46,2,lower concentration/moderate breadth
2022-03-01,854239,"ELECTRONIC INTEGRATED CIRCUITS, NESOI",0.1450118385386558,0.5777920370511611,71,0,lower concentration/broad supplier base
2022-04-01,853400,PRINTED CIRCUITS,0.2060166588391671,0.7028143675908646,66,0,lower concentration/broad supplier base
2022-04-01,854231,"PROCESSORS AND CONTROLLERS, ELECTRONIC INTEG CIRCT",0.2103781006693812,0.6187777412847295,71,0,lower concentration/broad supplier base
2022-04-01,854232,"MEMORIES, ELECTRONIC INTEGRATED CIRCUITS",0.2931127343879657,0.7608327321582058,46,1,elevated concentration
2022-04-01,854233,"AMPLIFIERS, ELECTRONIC INTEGRATED CIRCUITS",0.1652867270236939,0.5996292846038723,48,2,lower concentration/moderate breadth
2022-04-01,854239,"ELECTRONIC INTEGRATED CIRCUITS, NESOI",0.1590084089462775,0.593737383173862,78,0,lower concentration/broad supplier base
2022-05-01,853400,PRINTED CIRCUITS,0.2043994838499128,0.6809568562424918,70,0,lower concentration/broad supplier base
2022-05-01,854231,"PROCESSORS AND CONTROLLERS, ELECTRONIC INTEG CIRCT",0.2599445586366594,0.6867268239187176,76,0,lower concentration/broad supplier base
2022-05-01,854232,"MEMORIES, ELECTRONIC INTEGRATED CIRCUITS",0.3351798765075954,0.772263148833484,51,1,elevated concentration
2022-05-01,854233,"AMPLIFIERS, ELECTRONIC INTEGRATED CIRCUITS",0.1614321384379433,0.5824025097272818,50,2,lower concentration/moderate breadth
2022-05-01,854239,"ELECTRONIC INTEGRATED CIRCUITS, NESOI",0.150178847643484,0.602779822303294,83,0,lower concentration/broad supplier base
2022-06-01,853400,PRINTED CIRCUITS,0.1922760203625442,0.6502228012900673,72,0,lower concentration/broad supplier base
2022-06-01,854231,"PROCESSORS AND CONTROLLERS, ELECTRONIC INTEG CIRCT",0.2400005041406406,0.6573526981604415,78,0,lower concentration/broad supplier base
2022-06-01,854232,"MEMORIES, ELECTRONIC INTEGRATED CIRCUITS",0.2954563002530164,0.7504671452269593,52,1,elevated concentration
2022-06-01,854233,"AMPLIFIERS, ELECTRONIC INTEGRATED CIRCUITS",0.1606368711198628,0.5920678560419372,54,2,lower concentration/moderate breadth
2022-06-01,854239,"ELECTRONIC INTEGRATED CIRCUITS, NESOI",0.1436231790478004,0.5497172579299882,90,0,lower concentration/broad supplier base
2022-07-01,853400,PRINTED CIRCUITS,0.1990496280503721,0.6813484404692663,75,0,lower concentration/broad supplier base
2022-07-01,854231,"PROCESSORS AND CONTROLLERS, ELECTRONIC INTEG CIRCT",0.2249307106606887,0.6508305831407847,83,0,lower concentration/broad supplier base
2022-07-01,854232,"MEMORIES, ELECTRONIC INTEGRATED CIRCUITS",0.3206363000595161,0.7853870329917781,56,1,elevated concentration
2022-07-01,854233,"AMPLIFIERS, ELECTRONIC INTEGRATED CIRCUITS",0.1696199501840204,0.6142097362979406,54,2,lower concentration/moderate breadth
2022-07-01,854239,"ELECTRONIC INTEGRATED CIRCUITS, NESOI",0.1742239854624791,0.5951219647089172,92,0,lower concentration/broad supplier base
2022-08-01,853400,PRINTED CIRCUITS,0.1714337970500068,0.6441782112853326,76,0,lower concentration/broad supplier base
2022-08-01,854231,"PROCESSORS AND CONTROLLERS, ELECTRONIC INTEG CIRCT",0.1618869073312329,0.5695354724590557,88,0,lower concentration/broad supplier base
2022-08-01,854232,"MEMORIES, ELECTRONIC INTEGRATED CIRCUITS",0.2398187801953646,0.765001778786954,57,1,elevated concentration
2022-08-01,854233,"AMPLIFIERS, ELECTRONIC INTEGRATED CIRCUITS",0.1638699604765496,0.5975131135001842,55,2,lower concentration/moderate breadth
2022-08-01,854239,"ELECTRONIC INTEGRATED CIRCUITS, NESOI",0.139373550752784,0.543713087161301,93,0,lower concentration/broad supplier base
2022-09-01,853400,PRINTED CIRCUITS,0.1848456862348943,0.6540309279565673,77,0,lower concentration/broad supplier base
2022-09-01,854231,"PROCESSORS AND CONTROLLERS, ELECTRONIC INTEG CIRCT",0.1786447445864894,0.6070522817155568,91,0,lower concentration/broad supplier base
2022-09-01,854232,"MEMORIES, ELECTRONIC INTEGRATED CIRCUITS",0.2530622314292043,0.8086728958186253,60,1,elevated concentration
2022-09-01,854233,"AMPLIFIERS, ELECTRONIC INTEGRATED CIRCUITS",0.1953503667479122,0.6180551215783884,57,2,lower concentration/moderate breadth
2022-09-01,854239,"ELECTRONIC INTEGRATED CIRCUITS, NESOI",0.1468970646173368,0.588850548192182,99,0,lower concentration/broad supplier base
2022-10-01,853400,PRINTED CIRCUITS,0.2004527840674398,0.6857519920527442,79,0,lower concentration/broad supplier base
2022-10-01,854231,"PROCESSORS AND CONTROLLERS, ELECTRONIC INTEG CIRCT",0.2024278337769305,0.6402598628344005,94,0,lower concentration/broad supplier base
2022-10-01,854232,"MEMORIES, ELECTRONIC INTEGRATED CIRCUITS",0.2233006565789635,0.763413815236317,60,1,elevated concentration
2022-10-01,854233,"AMPLIFIERS, ELECTRONIC INTEGRATED CIRCUITS",0.1972134589897885,0.6227391404135137,57,2,lower concentration/moderate breadth
2022-10-01,854239,"ELECTRONIC INTEGRATED CIRCUITS, NESOI",0.1427708835642942,0.5596352353916878,99,0,lower concentration/broad supplier base
2022-11-01,853400,PRINTED CIRCUITS,0.1960237998930336,0.670010995102809,80,0,lower concentration/broad supplier base
2022-11-01,854231,"PROCESSORS AND CONTROLLERS, ELECTRONIC INTEG CIRCT",0.1788910346027614,0.5818999386296646,95,0,lower concentration/broad supplier base
2022-11-01,854232,"MEMORIES, ELECTRONIC INTEGRATED CIRCUITS",0.2529855505772865,0.802909432486928,62,1,elevated concentration
2022-11-01,854233,"AMPLIFIERS, ELECTRONIC INTEGRATED CIRCUITS",0.1813737703786415,0.6353560385803612,58,2,lower concentration/moderate breadth
2022-11-01,854239,"ELECTRONIC INTEGRATED CIRCUITS, NESOI",0.1656168909680396,0.6046181095832115,104,0,lower concentration/broad supplier base
2022-12-01,853400,PRINTED CIRCUITS,0.1744486257964032,0.6454067189079494,82,0,lower concentration/broad supplier base
2022-12-01,854231,"PROCESSORS AND CONTROLLERS, ELECTRONIC INTEG CIRCT",0.1589055909637429,0.5765799494838082,96,0,lower concentration/broad supplier base
2022-12-01,854232,"MEMORIES, ELECTRONIC INTEGRATED CIRCUITS",0.1986692201391593,0.7331258443552569,65,1,elevated concentration
2022-12-01,854233,"AMPLIFIERS, ELECTRONIC INTEGRATED CIRCUITS",0.1786313393012876,0.6056029819227596,58,2,lower concentration/moderate breadth
2022-12-01,854239,"ELECTRONIC INTEGRATED CIRCUITS, NESOI",0.165510763429394,0.6246972710639656,106,0,lower concentration/broad supplier base
2023-01-01,853400,PRINTED CIRCUITS,0.1917838205980945,0.6719339633179039,52,2,lower concentration/moderate breadth
2023-01-01,854231,"PROCESSORS AND CONTROLLERS, ELECTRONIC INTEG CIRCT",0.1759977158926765,0.590346437217247,57,2,lower concentration/moderate breadth
2023-01-01,854232,"MEMORIES, ELECTRONIC INTEGRATED CIRCUITS",0.2358617612313948,0.7698466956313558,27,1,elevated concentration
2023-01-01,854233,"AMPLIFIERS, ELECTRONIC INTEGRATED CIRCUITS",0.1843876232814739,0.6444181453637625,29,2,lower concentration/moderate breadth
2023-01-01,854239,"ELECTRONIC INTEGRATED CIRCUITS, NESOI",0.156597734190075,0.5750920772690076,54,2,lower concentration/moderate breadth
2023-02-01,853400,PRINTED CIRCUITS,0.1787584121816914,0.6637312704042073,56,2,lower concentration/moderate breadth
2023-02-01,854231,"PROCESSORS AND CONTROLLERS, ELECTRONIC INTEG CIRCT",0.1614768256294779,0.5592265334463139,68,2,lower concentration/moderate breadth
2023-02-01,854232,"MEMORIES, ELECTRONIC INTEGRATED CIRCUITS",0.2418772628162044,0.7460757242962743,33,1,elevated concentration
2023-02-01,854233,"AMPLIFIERS, ELECTRONIC INTEGRATED CIRCUITS",0.1878072614506727,0.6305687159515565,35,2,lower concentration/moderate breadth
2023-02-01,854239,"ELECTRONIC INTEGRATED CIRCUITS, NESOI",0.1795548525317942,0.6174124812343791,60,2,lower concentration/moderate breadth
2023-03-01,853400,PRINTED CIRCUITS,0.1732122185117044,0.6189171090125225,65,0,lower concentration/broad supplier base
2023-03-01,854231,"PROCESSORS AND CONTROLLERS, ELECTRONIC INTEG CIRCT",0.1641586740457487,0.5982976855163132,74,0,lower concentration/broad supplier base
2023-03-01,854232,"MEMORIES, ELECTRONIC INTEGRATED CIRCUITS",0.2622111105085598,0.7702336832032597,38,1,elevated concentration
2023-03-01,854233,"AMPLIFIERS, ELECTRONIC INTEGRATED CIRCUITS",0.178028505604736,0.6128197534847212,37,2,lower concentration/moderate breadth
2023-03-01,854239,"ELECTRONIC INTEGRATED CIRCUITS, NESOI",0.1636849215615692,0.6033648589699059,66,0,lower concentration/broad supplier base
2023-04-01,853400,PRINTED CIRCUITS,0.1683994631512091,0.6049829149762204,67,0,lower concentration/broad supplier base
2023-04-01,854231,"PROCESSORS AND CONTROLLERS, ELECTRONIC INTEG CIRCT",0.1474271184240418,0.5917357098355114,82,0,lower concentration/broad supplier base
2023-04-01,854232,"MEMORIES, ELECTRONIC INTEGRATED CIRCUITS",0.1853682487090105,0.6613799972489042,41,2,lower concentration/moderate breadth
2023-04-01,854233,"AMPLIFIERS, ELECTRONIC INTEGRATED CIRCUITS",0.1595673422059,0.5792613058141562,39,2,lower concentration/moderate breadth
2023-04-01,854239,"ELECTRONIC INTEGRATED CIRCUITS, NESOI",0.1772593342283791,0.6230112157345359,72,0,lower concentration/broad supplier base
2023-05-01,853400,PRINTED CIRCUITS,0.1623372785609564,0.6159957481498801,69,0,lower concentration/broad supplier base
2023-05-01,854231,"PROCESSORS AND CONTROLLERS, ELECTRONIC INTEG CIRCT",0.141753206962248,0.5544045519572636,83,0,lower concentration/broad supplier base
2023-05-01,854232,"MEMORIES, ELECTRONIC INTEGRATED CIRCUITS",0.2283598935547595,0.7458616706657035,44,1,elevated concentration
2023-05-01,854233,"AMPLIFIERS, ELECTRONIC INTEGRATED CIRCUITS",0.1534739261926324,0.5752251745686948,43,2,lower concentration/moderate breadth
2023-05-01,854239,"ELECTRONIC INTEGRATED CIRCUITS, NESOI",0.171504159934852,0.6224626848252779,74,0,lower concentration/broad supplier base
2023-06-01,853400,PRINTED CIRCUITS,0.1704820169655268,0.6226193304870216,69,0,lower concentration/broad supplier base
2023-06-01,854231,"PROCESSORS AND CONTROLLERS, ELECTRONIC INTEG CIRCT",0.1458584564636223,0.5399916698042734,83,0,lower concentration/broad supplier base
2023-06-01,854232,"MEMORIES, ELECTRONIC INTEGRATED CIRCUITS",0.2068408103958521,0.7290308349325012,49,1,elevated concentration
2023-06-01,854233,"AMPLIFIERS, ELECTRONIC INTEGRATED CIRCUITS",0.183354337329067,0.6339973616252896,44,2,lower concentration/moderate breadth
2023-06-01,854239,"ELECTRONIC INTEGRATED CIRCUITS, NESOI",0.1506534052768653,0.5920118042868416,75,0,lower concentration/broad supplier base
2023-07-01,853400,PRINTED CIRCUITS,0.1636198893306731,0.6033093223330226,72,0,lower concentration/broad supplier base
2023-07-01,854231,"PROCESSORS AND CONTROLLERS, ELECTRONIC INTEG CIRCT",0.1773067354397499,0.5865951006669876,87,0,lower concentration/broad supplier base
2023-07-01,854232,"MEMORIES, ELECTRONIC INTEGRATED CIRCUITS",0.2245725079765447,0.7736696423154069,51,1,elevated concentration
2023-07-01,854233,"AMPLIFIERS, ELECTRONIC INTEGRATED CIRCUITS",0.17719227528884,0.6033662869003282,45,2,lower concentration/moderate breadth
2023-07-01,854239,"ELECTRONIC INTEGRATED CIRCUITS, NESOI",0.1615716652421241,0.6028456667917246,79,0,lower concentration/broad supplier base
2023-08-01,853400,PRINTED CIRCUITS,0.1722372246046416,0.5985739250090435,72,0,lower concentration/broad supplier base
2023-08-01,854231,"PROCESSORS AND CONTROLLERS, ELECTRONIC INTEG CIRCT",0.1340030274511306,0.5231028216537527,88,0,lower concentration/broad supplier base
2023-08-01,854232,"MEMORIES, ELECTRONIC INTEGRATED CIRCUITS",0.2223131210029333,0.7607237801019561,51,1,elevated concentration
2023-08-01,854233,"AMPLIFIERS, ELECTRONIC INTEGRATED CIRCUITS",0.1546058718004091,0.5924986393001779,47,2,lower concentration/moderate breadth
2023-08-01,854239,"ELECTRONIC INTEGRATED CIRCUITS, NESOI",0.1505985487877188,0.6031354963483612,83,0,lower concentration/broad supplier base
2023-09-01,853400,PRINTED CIRCUITS,0.1546247126330946,0.5690791666434813,74,0,lower concentration/broad supplier base
2023-09-01,854231,"PROCESSORS AND CONTROLLERS, ELECTRONIC INTEG CIRCT",0.1763890546369769,0.6188091488033216,91,0,lower concentration/broad supplier base
2023-09-01,854232,"MEMORIES, ELECTRONIC INTEGRATED CIRCUITS",0.2395783734618831,0.7481549120229906,51,1,elevated concentration
2023-09-01,854233,"AMPLIFIERS, ELECTRONIC INTEGRATED CIRCUITS",0.1658673375548308,0.5921047187028022,50,2,lower concentration/moderate breadth
2023-09-01,854239,"ELECTRONIC INTEGRATED CIRCUITS, NESOI",0.1714006030695645,0.6241664069401915,85,0,lower concentration/broad supplier base
2023-10-01,853400,PRINTED CIRCUITS,0.166771595174839,0.6014830972112892,77,0,lower concentration/broad supplier base
2023-10-01,854231,"PROCESSORS AND CONTROLLERS, ELECTRONIC INTEG CIRCT",0.1622188560944847,0.6239226934044403,91,0,lower concentration/broad supplier base
2023-10-01,854232,"MEMORIES, ELECTRONIC INTEGRATED CIRCUITS",0.2194621501943203,0.6763115504319444,52,1,elevated concentration
2023-10-01,854233,"AMPLIFIERS, ELECTRONIC INTEGRATED CIRCUITS",0.1675348160170228,0.5869313501306641,53,2,lower concentration/moderate breadth
2023-10-01,854239,"ELECTRONIC INTEGRATED CIRCUITS, NESOI",0.1520758243892042,0.5911856261376867,87,0,lower concentration/broad supplier base
2023-11-01,853400,PRINTED CIRCUITS,0.1620380711427694,0.6004403584478446,78,0,lower concentration/broad supplier base
2023-11-01,854231,"PROCESSORS AND CONTROLLERS, ELECTRONIC INTEG CIRCT",0.1495327306243138,0.5912469614344678,93,0,lower concentration/broad supplier base
2023-11-01,854232,"MEMORIES, ELECTRONIC INTEGRATED CIRCUITS",0.2334816875962729,0.6772050149503829,52,1,elevated concentration
2023-11-01,854233,"AMPLIFIERS, ELECTRONIC INTEGRATED CIRCUITS",0.1572043955143591,0.5781969607789421,53,2,lower concentration/moderate breadth
2023-11-01,854239,"ELECTRONIC INTEGRATED CIRCUITS, NESOI",0.1469889861333749,0.5908033559881564,89,0,lower concentration/broad supplier base
2023-12-01,853400,PRINTED CIRCUITS,0.1653246494404574,0.6137524212302413,80,0,lower concentration/broad supplier base
2023-12-01,854231,"PROCESSORS AND CONTROLLERS, ELECTRONIC INTEG CIRCT",0.2350469686546031,0.6810189584470635,93,0,lower concentration/broad supplier base
2023-12-01,854232,"MEMORIES, ELECTRONIC INTEGRATED CIRCUITS",0.2457355303113328,0.7046876832333135,54,1,elevated concentration
2023-12-01,854233,"AMPLIFIERS, ELECTRONIC INTEGRATED CIRCUITS",0.1552720883271697,0.5884213659168174,54,2,lower concentration/moderate breadth
2023-12-01,854239,"ELECTRONIC INTEGRATED CIRCUITS, NESOI",0.137808483733085,0.5819144167196897,92,0,lower concentration/broad supplier base
2024-01-01,853400,PRINTED CIRCUITS,0.2176119880196106,0.7045076746579028,53,1,elevated concentration
2024-01-01,854231,"PROCESSORS AND CONTROLLERS, ELECTRONIC INTEG CIRCT",0.166824240992355,0.6424843646115851,54,2,lower concentration/moderate breadth
2024-01-01,854232,"MEMORIES, ELECTRONIC INTEGRATED CIRCUITS",0.2304192335127824,0.7317040350129224,27,1,elevated concentration
2024-01-01,854233,"AMPLIFIERS, ELECTRONIC INTEGRATED CIRCUITS",0.1930019073866952,0.6586635158005701,31,2,lower concentration/moderate breadth
2024-01-01,854239,"ELECTRONIC INTEGRATED CIRCUITS, NESOI",0.1692087704880773,0.6226459823021016,51,2,lower concentration/moderate breadth
2024-02-01,853400,PRINTED CIRCUITS,0.1831872884456547,0.6463467407753772,60,2,lower concentration/moderate breadth
2024-02-01,854231,"PROCESSORS AND CONTROLLERS, ELECTRONIC INTEG CIRCT",0.160375962723307,0.6543707176389598,59,2,lower concentration/moderate breadth
2024-02-01,854232,"MEMORIES, ELECTRONIC INTEGRATED CIRCUITS",0.2153882280309039,0.7309101696966368,36,1,elevated concentration
2024-02-01,854233,"AMPLIFIERS, ELECTRONIC INTEGRATED CIRCUITS",0.1607048341892991,0.5906482842670121,36,2,lower concentration/moderate breadth
2024-02-01,854239,"ELECTRONIC INTEGRATED CIRCUITS, NESOI",0.1505766358254752,0.5873703292912136,56,2,lower concentration/moderate breadth
2024-03-01,853400,PRINTED CIRCUITS,0.188676718264064,0.651367586631912,63,0,lower concentration/broad supplier base
2024-03-01,854231,"PROCESSORS AND CONTROLLERS, ELECTRONIC INTEG CIRCT",0.1903046271225897,0.702477841341205,66,0,lower concentration/broad supplier base
2024-03-01,854232,"MEMORIES, ELECTRONIC INTEGRATED CIRCUITS",0.2258067128133406,0.7184838595330528,41,1,elevated concentration
2024-03-01,854233,"AMPLIFIERS, ELECTRONIC INTEGRATED CIRCUITS",0.2263444184221152,0.7042256462302291,37,1,elevated concentration
2024-03-01,854239,"ELECTRONIC INTEGRATED CIRCUITS, NESOI",0.1447468729777732,0.600760049123909,61,2,lower concentration/moderate breadth
2024-04-01,853400,PRINTED CIRCUITS,0.196819963845712,0.6644770725604433,72,0,lower concentration/broad supplier base
2024-04-01,854231,"PROCESSORS AND CONTROLLERS, ELECTRONIC INTEG CIRCT",0.1959663284768073,0.6940563262122469,68,0,lower concentration/broad supplier base
2024-04-01,854232,"MEMORIES, ELECTRONIC INTEGRATED CIRCUITS",0.2494250753366871,0.774157417110392,44,1,elevated concentration
2024-04-01,854233,"AMPLIFIERS, ELECTRONIC INTEGRATED CIRCUITS",0.1939592787327011,0.6609173796231959,40,2,lower concentration/moderate breadth
2024-04-01,854239,"ELECTRONIC INTEGRATED CIRCUITS, NESOI",0.1620689324201355,0.568496841891401,64,2,lower concentration/moderate breadth
2024-05-01,853400,PRINTED CIRCUITS,0.1826360387332113,0.6442857105610404,74,0,lower concentration/broad supplier base
2024-05-01,854231,"PROCESSORS AND CONTROLLERS, ELECTRONIC INTEG CIRCT",0.1814274369409564,0.6825157173799636,71,0,lower concentration/broad supplier base
2024-05-01,854232,"MEMORIES, ELECTRONIC INTEGRATED CIRCUITS",0.2438743574304125,0.7653047581273541,44,1,elevated concentration
2024-05-01,854233,"AMPLIFIERS, ELECTRONIC INTEGRATED CIRCUITS",0.1623517781003949,0.5784284281368806,41,2,lower concentration/moderate breadth
2024-05-01,854239,"ELECTRONIC INTEGRATED CIRCUITS, NESOI",0.1420736732163224,0.5831916693190278,67,2,lower concentration/moderate breadth
2024-06-01,853400,PRINTED CIRCUITS,0.2084069050542218,0.6848572967819292,78,0,lower concentration/broad supplier base
2024-06-01,854231,"PROCESSORS AND CONTROLLERS, ELECTRONIC INTEG CIRCT",0.1715193832078353,0.6751355653050536,74,0,lower concentration/broad supplier base
2024-06-01,854232,"MEMORIES, ELECTRONIC INTEGRATED CIRCUITS",0.2290923278374136,0.7283622860424419,46,1,elevated concentration
2024-06-01,854233,"AMPLIFIERS, ELECTRONIC INTEGRATED CIRCUITS",0.1800107649056812,0.6402131462591368,43,2,lower concentration/moderate breadth
2024-06-01,854239,"ELECTRONIC INTEGRATED CIRCUITS, NESOI",0.1459172059466862,0.5967984876538553,71,0,lower concentration/broad supplier base
2024-07-01,853400,PRINTED CIRCUITS,0.2113442198292904,0.6946686856775549,81,0,lower concentration/broad supplier base
2024-07-01,854231,"PROCESSORS AND CONTROLLERS, ELECTRONIC INTEG CIRCT",0.216318455009329,0.7181417934999126,77,0,lower concentration/broad supplier base
2024-07-01,854232,"MEMORIES, ELECTRONIC INTEGRATED CIRCUITS",0.228933798179923,0.7090419054510223,48,1,elevated concentration
2024-07-01,854233,"AMPLIFIERS, ELECTRONIC INTEGRATED CIRCUITS",0.1853357037217039,0.6424041673101675,46,2,lower concentration/moderate breadth
2024-07-01,854239,"ELECTRONIC INTEGRATED CIRCUITS, NESOI",0.165216924761244,0.6244210804134798,74,0,lower concentration/broad supplier base
2024-08-01,853400,PRINTED CIRCUITS,0.192695184035157,0.67469607432324,85,0,lower concentration/broad supplier base
2024-08-01,854231,"PROCESSORS AND CONTROLLERS, ELECTRONIC INTEG CIRCT",0.2262717251745195,0.7381330464246452,78,0,lower concentration/broad supplier base
2024-08-01,854232,"MEMORIES, ELECTRONIC INTEGRATED CIRCUITS",0.2378923225537665,0.7781859027164235,50,1,elevated concentration
2024-08-01,854233,"AMPLIFIERS, ELECTRONIC INTEGRATED CIRCUITS",0.1429907320693528,0.5718665460679713,48,2,lower concentration/moderate breadth
2024-08-01,854239,"ELECTRONIC INTEGRATED CIRCUITS, NESOI",0.1376680264764503,0.5732216163095027,78,0,lower concentration/broad supplier base
2024-09-01,853400,PRINTED CIRCUITS,0.1622589662122537,0.599813416670296,85,0,lower concentration/broad supplier base
2024-09-01,854231,"PROCESSORS AND CONTROLLERS, ELECTRONIC INTEG CIRCT",0.1969338659181766,0.7268194637163903,80,0,lower concentration/broad supplier base
2024-09-01,854232,"MEMORIES, ELECTRONIC INTEGRATED CIRCUITS",0.2217129687122375,0.7739738471954107,50,1,elevated concentration
2024-09-01,854233,"AMPLIFIERS, ELECTRONIC INTEGRATED CIRCUITS",0.1300828647495138,0.5110244002827693,48,2,lower concentration/moderate breadth
2024-09-01,854239,"ELECTRONIC INTEGRATED CIRCUITS, NESOI",0.1570302673247287,0.6299633751975091,81,0,lower concentration/broad supplier base
2024-10-01,853400,PRINTED CIRCUITS,0.1845259677501553,0.6438793045648362,88,0,lower concentration/broad supplier base
2024-10-01,854231,"PROCESSORS AND CONTROLLERS, ELECTRONIC INTEG CIRCT",0.226861823730479,0.7271341254048976,82,0,lower concentration/broad supplier base
2024-10-01,854232,"MEMORIES, ELECTRONIC INTEGRATED CIRCUITS",0.1955814123239451,0.6906694223822418,50,1,elevated concentration
2024-10-01,854233,"AMPLIFIERS, ELECTRONIC INTEGRATED CIRCUITS",0.146376379627164,0.5591180822354493,49,2,lower concentration/moderate breadth
2024-10-01,854239,"ELECTRONIC INTEGRATED CIRCUITS, NESOI",0.1823676304423959,0.6453696635197101,84,0,lower concentration/broad supplier base
2024-11-01,853400,PRINTED CIRCUITS,0.195649662229011,0.6718291848185676,89,0,lower concentration/broad supplier base
2024-11-01,854231,"PROCESSORS AND CONTROLLERS, ELECTRONIC INTEG CIRCT",0.1860999590846229,0.6790025406051244,84,0,lower concentration/broad supplier base
2024-11-01,854232,"MEMORIES, ELECTRONIC INTEGRATED CIRCUITS",0.2242773113427439,0.7346146717904194,52,1,elevated concentration
2024-11-01,854233,"AMPLIFIERS, ELECTRONIC INTEGRATED CIRCUITS",0.1256569415141737,0.5106075877641736,50,2,lower concentration/moderate breadth
2024-11-01,854239,"ELECTRONIC INTEGRATED CIRCUITS, NESOI",0.1301110292288585,0.5425406183764033,86,0,lower concentration/broad supplier base
2024-12-01,853400,PRINTED CIRCUITS,0.2042172954369798,0.6717238427835965,90,0,lower concentration/broad supplier base
2024-12-01,854231,"PROCESSORS AND CONTROLLERS, ELECTRONIC INTEG CIRCT",0.1948407128120109,0.7203046175039444,87,0,lower concentration/broad supplier base
2024-12-01,854232,"MEMORIES, ELECTRONIC INTEGRATED CIRCUITS",0.1889893266369597,0.6695287138865691,54,2,lower concentration/moderate breadth
2024-12-01,854233,"AMPLIFIERS, ELECTRONIC INTEGRATED CIRCUITS",0.1566821466975621,0.5795663666908802,52,2,lower concentration/moderate breadth
2024-12-01,854239,"ELECTRONIC INTEGRATED CIRCUITS, NESOI",0.1535741484639354,0.5749692111134925,89,0,lower concentration/broad supplier base
2025-01-01,853400,PRINTED CIRCUITS,0.2163128566852618,0.6987889610878714,49,1,elevated concentration
2025-01-01,854231,"PROCESSORS AND CONTROLLERS, ELECTRONIC INTEG CIRCT",0.2065027556942902,0.7017908439001266,56,1,elevated concentration
2025-01-01,854232,"MEMORIES, ELECTRONIC INTEGRATED CIRCUITS",0.1706486484146316,0.6297917954979807,30,2,lower concentration/moderate breadth
2025-01-01,854233,"AMPLIFIERS, ELECTRONIC INTEGRATED CIRCUITS",0.1651255972561598,0.6009043986222468,32,2,lower concentration/moderate breadth
2025-01-01,854239,"ELECTRONIC INTEGRATED CIRCUITS, NESOI",0.1340134866673816,0.5603394607938514,52,2,lower concentration/moderate breadth
2025-02-01,853400,PRINTED CIRCUITS,0.2459966902753383,0.7032016179128865,56,1,elevated concentration
2025-02-01,854231,"PROCESSORS AND CONTROLLERS, ELECTRONIC INTEG CIRCT",0.2005095142064101,0.7365556817764184,59,1,elevated concentration
2025-02-01,854232,"MEMORIES, ELECTRONIC INTEGRATED CIRCUITS",0.1918804201195832,0.6512526496291604,35,2,lower concentration/moderate breadth
2025-02-01,854233,"AMPLIFIERS, ELECTRONIC INTEGRATED CIRCUITS",0.1560654467049022,0.5939955828176205,36,2,lower concentration/moderate breadth
2025-02-01,854239,"ELECTRONIC INTEGRATED CIRCUITS, NESOI",0.1395037382565491,0.5727618330509727,60,2,lower concentration/moderate breadth
2025-03-01,853400,PRINTED CIRCUITS,0.3190658453866654,0.7603535173931516,58,1,elevated concentration
2025-03-01,854231,"PROCESSORS AND CONTROLLERS, ELECTRONIC INTEG CIRCT",0.2207077864245583,0.7451642660939386,64,1,elevated concentration
2025-03-01,854232,"MEMORIES, ELECTRONIC INTEGRATED CIRCUITS",0.1929875855292736,0.6947360514441492,40,1,elevated concentration
2025-03-01,854233,"AMPLIFIERS, ELECTRONIC INTEGRATED CIRCUITS",0.1485134634956056,0.5724407654057317,36,2,lower concentration/moderate breadth
2025-03-01,854239,"ELECTRONIC INTEGRATED CIRCUITS, NESOI",0.1488036972605895,0.5759256521233433,63,2,lower concentration/moderate breadth
2025-04-01,853400,PRINTED CIRCUITS,0.2322928757380199,0.7097305896296645,62,1,elevated concentration
2025-04-01,854231,"PROCESSORS AND CONTROLLERS, ELECTRONIC INTEG CIRCT",0.2155609504780303,0.7264523177342197,68,1,elevated concentration
2025-04-01,854232,"MEMORIES, ELECTRONIC INTEGRATED CIRCUITS",0.1937594963680107,0.6925748778104122,41,1,elevated concentration
2025-04-01,854233,"AMPLIFIERS, ELECTRONIC INTEGRATED CIRCUITS",0.142699190963969,0.5783038076634865,39,2,lower concentration/moderate breadth
2025-04-01,854239,"ELECTRONIC INTEGRATED CIRCUITS, NESOI",0.1595313590635179,0.6076540816688372,67,0,lower concentration/broad supplier base
2025-05-01,853400,PRINTED CIRCUITS,0.1980668238864676,0.66128576068944,66,0,lower concentration/broad supplier base
2025-05-01,854231,"PROCESSORS AND CONTROLLERS, ELECTRONIC INTEG CIRCT",0.2271936717178427,0.7301977885109152,73,1,elevated concentration
2025-05-01,854232,"MEMORIES, ELECTRONIC INTEGRATED CIRCUITS",0.2745106704963501,0.7626241813028097,43,1,elevated concentration
2025-05-01,854233,"AMPLIFIERS, ELECTRONIC INTEGRATED CIRCUITS",0.1376717060743642,0.5529098707412212,43,2,lower concentration/moderate breadth
2025-05-01,854239,"ELECTRONIC INTEGRATED CIRCUITS, NESOI",0.1355562937618292,0.5395867832467582,70,2,lower concentration/moderate breadth
2025-06-01,853400,PRINTED CIRCUITS,0.2362457898633862,0.7262591711836615,67,1,elevated concentration
2025-06-01,854231,"PROCESSORS AND CONTROLLERS, ELECTRONIC INTEG CIRCT",0.2156787783816492,0.7118884484743566,77,0,lower concentration/broad supplier base
2025-06-01,854232,"MEMORIES, ELECTRONIC INTEGRATED CIRCUITS",0.3823474618550235,0.858478614685001,43,3,highest concentration/dominant suppliers
2025-06-01,854233,"AMPLIFIERS, ELECTRONIC INTEGRATED CIRCUITS",0.1329141197985298,0.5390398051313611,46,2,lower concentration/moderate breadth
2025-06-01,854239,"ELECTRONIC INTEGRATED CIRCUITS, NESOI",0.1264308796458832,0.5551619256188796,73,0,lower concentration/broad supplier base
2025-07-01,853400,PRINTED CIRCUITS,0.1753451760616592,0.6492870830875122,70,0,lower concentration/broad supplier base
2025-07-01,854231,"PROCESSORS AND CONTROLLERS, ELECTRONIC INTEG CIRCT",0.2090106078637388,0.7294506137486035,78,0,lower concentration/broad supplier base
2025-07-01,854232,"MEMORIES, ELECTRONIC INTEGRATED CIRCUITS",0.2645850281753726,0.7695317860568837,45,1,elevated concentration
2025-07-01,854233,"AMPLIFIERS, ELECTRONIC INTEGRATED CIRCUITS",0.1325386392901038,0.5432488817124103,46,2,lower concentration/moderate breadth
2025-07-01,854239,"ELECTRONIC INTEGRATED CIRCUITS, NESOI",0.1160510998219423,0.4787236330462017,76,2,lower concentration/moderate breadth
2025-08-01,853400,PRINTED CIRCUITS,0.1824598040987641,0.6400353790295179,70,0,lower concentration/broad supplier base
2025-08-01,854231,"PROCESSORS AND CONTROLLERS, ELECTRONIC INTEG CIRCT",0.2033216159462651,0.7070387316621625,80,0,lower concentration/broad supplier base
2025-08-01,854232,"MEMORIES, ELECTRONIC INTEGRATED CIRCUITS",0.3016207780074653,0.7568285684225561,47,1,elevated concentration
2025-08-01,854233,"AMPLIFIERS, ELECTRONIC INTEGRATED CIRCUITS",0.1294112834887173,0.5476432541727635,46,2,lower concentration/moderate breadth
2025-08-01,854239,"ELECTRONIC INTEGRATED CIRCUITS, NESOI",0.1472304176115057,0.5437674208364003,78,0,lower concentration/broad supplier base
2025-09-01,853400,PRINTED CIRCUITS,0.1843026454657679,0.647615831763321,71,0,lower concentration/broad supplier base
2025-09-01,854231,"PROCESSORS AND CONTROLLERS, ELECTRONIC INTEG CIRCT",0.1873463428004711,0.6895593740888876,81,0,lower concentration/broad supplier base
2025-09-01,854232,"MEMORIES, ELECTRONIC INTEGRATED CIRCUITS",0.2441446093390493,0.7823626200382121,47,1,elevated concentration
2025-09-01,854233,"AMPLIFIERS, ELECTRONIC INTEGRATED CIRCUITS",0.1400335475655157,0.5769458409095891,46,2,lower concentration/moderate breadth
2025-09-01,854239,"ELECTRONIC INTEGRATED CIRCUITS, NESOI",0.1764219858619805,0.5846227569397652,78,0,lower concentration/broad supplier base
2025-10-01,853400,PRINTED CIRCUITS,0.1928594950592611,0.6534691062595748,71,0,lower concentration/broad supplier base
2025-10-01,854231,"PROCESSORS AND CONTROLLERS, ELECTRONIC INTEG CIRCT",0.2127224391747119,0.7495890153771343,81,0,lower concentration/broad supplier base
2025-10-01,854232,"MEMORIES, ELECTRONIC INTEGRATED CIRCUITS",0.2355201317315166,0.7513107772340338,48,1,elevated concentration
2025-10-01,854233,"AMPLIFIERS, ELECTRONIC INTEGRATED CIRCUITS",0.1258890934403515,0.5251635030862889,46,2,lower concentration/moderate breadth
2025-10-01,854239,"ELECTRONIC INTEGRATED CIRCUITS, NESOI",0.1655262274946822,0.5928317626310327,79,0,lower concentration/broad supplier base
2025-11-01,853400,PRINTED CIRCUITS,0.1754421019413355,0.6403484176549372,73,0,lower concentration/broad supplier base
2025-11-01,854231,"PROCESSORS AND CONTROLLERS, ELECTRONIC INTEG CIRCT",0.2195290446780397,0.7447937007391249,83,0,lower concentration/broad supplier base
2025-11-01,854232,"MEMORIES, ELECTRONIC INTEGRATED CIRCUITS",0.3013691004369343,0.8235159130398009,49,1,elevated concentration
2025-11-01,854233,"AMPLIFIERS, ELECTRONIC INTEGRATED CIRCUITS",0.1417585523642499,0.5851014794666923,47,2,lower concentration/moderate breadth
2025-11-01,854239,"ELECTRONIC INTEGRATED CIRCUITS, NESOI",0.1666909558939056,0.5888704762573628,82,0,lower concentration/broad supplier base
2025-12-01,853400,PRINTED CIRCUITS,0.1837279591426865,0.6423273135638654,76,0,lower concentration/broad supplier base
2025-12-01,854231,"PROCESSORS AND CONTROLLERS, ELECTRONIC INTEG CIRCT",0.2385927540196308,0.765114852341366,84,0,lower concentration/broad supplier base
2025-12-01,854232,"MEMORIES, ELECTRONIC INTEGRATED CIRCUITS",0.2669914892464015,0.8360994748285063,51,1,elevated concentration
2025-12-01,854233,"AMPLIFIERS, ELECTRONIC INTEGRATED CIRCUITS",0.145289214909303,0.5559752163185887,48,2,lower concentration/moderate breadth
2025-12-01,854239,"ELECTRONIC INTEGRATED CIRCUITS, NESOI",0.1634417712080473,0.5838090285909744,83,0,lower concentration/broad supplier base
